YIL099W	SGA1	Nrg1p	Doc
YIL099W	SGA1	Rme1p	Doc
YIL099W	SGA1	Rox1p	Doc
YIL099W	SGA1	Skn7p	Doc
YIL099W	SGA1	Nrg2p	Doc
YIL099W	SGA1	Cin5p	Doc
YIL099W	SGA1	Gat3p	Doc
YIL099W	SGA1	Gat4p	Doc
YIL099W	SGA1	Gis1p	Doc
YIL099W	SGA1	Mot3p	Doc
YIL099W	SGA1	Pho4p	Doc
YIL099W	SGA1	Rap1p	Doc
YIL099W	SGA1	Rgm1p	Doc
YIL099W	SGA1	Sok2p	Doc
YIL099W	SGA1	Stp2p	Doc
YIL099W	SGA1	Sut1p	Doc
YIL099W	SGA1	Swi4p	Doc
YIL099W	SGA1	Upc2p	Doc
YIL099W	SGA1	Yhp1p	Doc
YIL099W	SGA1	Yox1p	Doc
YIL099W	SGA1	Pdr3p	Doc
YIL099W	SGA1	Stb5p	Doc
YIL099W	SGA1	Sfp1p	Doc
YIL099W	SGA1	Ste12p	Doc
YIL099W	SGA1	Aft1p	Doc
YIL099W	SGA1	Msn2p	Doc
YIL099W	SGA1	Msn4p	Doc
YIL099W	SGA1	Sin3p	Doc
YIL099W	SGA1	Spt10p	Doc
YIL099W	SGA1	Cst6p	Doc
YIL099W	SGA1	Snf2p	Doc
YIL099W	SGA1	Swi3p	Doc
YIL099W	SGA1	Tup1p	Doc
YIL099W	SGA1	Tda9p	Doc
YIL099W	SGA1	Bas1p	Doc
YIL099W	SGA1	Gcn4p	Doc
YIL099W	SGA1	Bdf2p	Doc
YIL099W	SGA1	Cac2p	Doc
YIL099W	SGA1	Swi5p	Doc
YIL099W	SGA1	Ace2p	Doc
YIL099W	SGA1	Ime1p	Doc
YIL099W	SGA1	Tec1p	Doc
YOR340C	RPA43	Sfp1p	Doc
YOR340C	RPA43	Mcm1p	Doc
YOR340C	RPA43	Adr1p	Doc
YOR340C	RPA43	Msn2p	Doc
YOR340C	RPA43	Gcn4p	Doc
YOR340C	RPA43	Gln3p	Doc
YOR340C	RPA43	Ndt80p	Doc
YOR340C	RPA43	Spt23p	Doc
YOR340C	RPA43	Vms1p	Doc
YOR340C	RPA43	Bas1p	Doc
YOR340C	RPA43	Cbf1p	Doc
YOR340C	RPA43	Gcr2p	Doc
YOR340C	RPA43	Mga2p	Doc
YOR340C	RPA43	Spt10p	Doc
YOR340C	RPA43	Fkh1p	Doc
YOR340C	RPA43	Ace2p	Doc
YOR340C	RPA43	Swi5p	Doc
YOR340C	RPA43	Ash1p	Doc
YOR340C	RPA43	Msn4p	Doc
YOR340C	RPA43	Yap1p	Doc
YOR340C	RPA43	Stb5p	Doc
YOR340C	RPA43	Pdr1p	Doc
YOR340C	RPA43	Aft1p	Doc
YOR340C	RPA43	Rlm1p	Doc
YOR340C	RPA43	Yhp1p	Doc
YOR340C	RPA43	Yox1p	Doc
YDL223C	HBT1	Msn2p	Doc
YDL223C	HBT1	Msn4p	Doc
YDL223C	HBT1	Swi5p	Doc
YDL223C	HBT1	Adr1p	Doc
YDL223C	HBT1	Cst6p	Doc
YDL223C	HBT1	Gis1p	Doc
YDL223C	HBT1	Hsf1p	Doc
YDL223C	HBT1	Pdr1p	Doc
YDL223C	HBT1	Sok2p	Doc
YDL223C	HBT1	Swi4p	Doc
YDL223C	HBT1	Aft1p	Doc
YDL223C	HBT1	Cad1p	Doc
YDL223C	HBT1	Oaf1p	Doc
YDL223C	HBT1	Pip2p	Doc
YDL223C	HBT1	Rpn4p	Doc
YDL223C	HBT1	Ndt80p	Doc
YDL223C	HBT1	Isw1p	Doc
YDL223C	HBT1	Mig3p	Doc
YDL223C	HBT1	Bas1p	Doc
YDL223C	HBT1	Gcn4p	Doc
YDL223C	HBT1	Yap1p	Doc
YDL223C	HBT1	Opi1p	Doc
YDL223C	HBT1	Ace2p	Doc
YDL223C	HBT1	Arr1p	Doc
YDL223C	HBT1	Sfp1p	Doc
YDL223C	HBT1	Rlm1p	Doc
YDL223C	HBT1	Gcr1p	Doc
YDL223C	HBT1	Pdr3p	Doc
YDL223C	HBT1	Kar4p	Doc
YDL223C	HBT1	Fhl1p	Doc
YDL223C	HBT1	Tec1p	Doc
YDL223C	HBT1	Ste12p	Doc
YNL195C	YNL195C	Gis1p	Doc
YNL195C	YNL195C	Mga1p	Doc
YNL195C	YNL195C	Mig1p	Doc
YNL195C	YNL195C	Msn2p	Doc
YNL195C	YNL195C	Msn4p	Doc
YNL195C	YNL195C	Rox1p	Doc
YNL195C	YNL195C	Sok2p	Doc
YNL195C	YNL195C	Ste12p	Doc
YNL195C	YNL195C	Yhp1p	Doc
YNL195C	YNL195C	Oaf1p	Doc
YNL195C	YNL195C	Rpn4p	Doc
YNL195C	YNL195C	Pdr1p	Doc
YNL195C	YNL195C	Gln3p	Doc
YNL195C	YNL195C	Gcn4p	Doc
YNL195C	YNL195C	Mga2p	Doc
YNL195C	YNL195C	Sin3p	Doc
YNL195C	YNL195C	Spt10p	Doc
YNL195C	YNL195C	Spt4p	Doc
YNL195C	YNL195C	Srb8p	Doc
YNL195C	YNL195C	Ume6p	Doc
YNL195C	YNL195C	Yrr1p	Doc
YNL195C	YNL195C	Cst6p	Doc
YNL195C	YNL195C	Sin4p	Doc
YNL195C	YNL195C	Tup1p	Doc
YNL195C	YNL195C	Esc2p	Doc
YNL195C	YNL195C	Hst3p	Doc
YNL195C	YNL195C	Isw1p	Doc
YNL195C	YNL195C	Rtt107p	Doc
YNL195C	YNL195C	Taf14p	Doc
YNL195C	YNL195C	Yap3p	Doc
YNL195C	YNL195C	Set2p	Doc
YNL195C	YNL195C	Tbs1p	Doc
YNL195C	YNL195C	Cdc73p	Doc
YNL195C	YNL195C	Mig3p	Doc
YNL195C	YNL195C	Bas1p	Doc
YNL195C	YNL195C	Yap5p	Doc
YNL195C	YNL195C	Swi5p	Doc
YNL195C	YNL195C	Ace2p	Doc
YNL195C	YNL195C	Yap1p	Doc
YNL195C	YNL195C	Upc2p	Doc
YNL195C	YNL195C	Nrg1p	Doc
YNL195C	YNL195C	Nrg2p	Doc
YNL195C	YNL195C	Sfp1p	Doc
YNL195C	YNL195C	Rlm1p	Doc
YNL195C	YNL195C	Adr1p	Doc
YNL195C	YNL195C	Tec1p	Doc
YNL195C	YNL195C	Zap1p	Doc
YPR035W	GLN1	Gat1p	Doc
YPR035W	GLN1	Gln3p	Doc
YPR035W	GLN1	Msn1p	Doc
YPR035W	GLN1	Gcn4p	Doc
YPR035W	GLN1	Rpn4p	Doc
YPR035W	GLN1	Sfp1p	Doc
YPR035W	GLN1	Arr1p	Doc
YPR035W	GLN1	Fkh1p	Doc
YPR035W	GLN1	Rap1p	Doc
YPR035W	GLN1	Yap1p	Doc
YPR035W	GLN1	Ixr1p	Doc
YPR035W	GLN1	Rsc1p	Doc
YPR035W	GLN1	Sin3p	Doc
YPR035W	GLN1	Srb2p	Doc
YPR035W	GLN1	Yox1p	Doc
YPR035W	GLN1	Cha4p	Doc
YPR035W	GLN1	Hfi1p	Doc
YPR035W	GLN1	Snf5p	Doc
YPR035W	GLN1	Cdc73p	Doc
YPR035W	GLN1	Hsf1p	Doc
YPR035W	GLN1	Cac2p	Doc
YPR035W	GLN1	Cad1p	Doc
YPR035W	GLN1	Haa1p	Doc
YPR035W	GLN1	Hda1p	Doc
YPR035W	GLN1	Mga2p	Doc
YPR035W	GLN1	Msi1p	Doc
YPR035W	GLN1	Rlf2p	Doc
YPR035W	GLN1	Set2p	Doc
YPR035W	GLN1	Spt10p	Doc
YPR035W	GLN1	Nsi1p	Doc
YPR035W	GLN1	Asg1p	Doc
YPR035W	GLN1	Rco1p	Doc
YPR035W	GLN1	Cst6p	Doc
YPR035W	GLN1	Sin4p	Doc
YPR035W	GLN1	Tup1p	Doc
YPR035W	GLN1	Gal11p	Doc
YPR035W	GLN1	Hap5p	Doc
YPR035W	GLN1	Hms1p	Doc
YPR035W	GLN1	Taf14p	Doc
YPR035W	GLN1	Swi5p	Doc
YPR035W	GLN1	Ace2p	Doc
YPR035W	GLN1	Yhp1p	Doc
YPR035W	GLN1	Sok2p	Doc
YPR035W	GLN1	Stb5p	Doc
YPR035W	GLN1	Ure2p	Doc
YPR035W	GLN1	Zap1p	Doc
YDR034W-B	YDR034W-B	Rpn4p	Doc
YDR034W-B	YDR034W-B	Cad1p	Doc
YDR034W-B	YDR034W-B	Adr1p	Doc
YDR034W-B	YDR034W-B	Crz1p	Doc
YDR034W-B	YDR034W-B	Cst6p	Doc
YDR034W-B	YDR034W-B	Gat3p	Doc
YDR034W-B	YDR034W-B	Gat4p	Doc
YDR034W-B	YDR034W-B	Gis1p	Doc
YDR034W-B	YDR034W-B	Hsf1p	Doc
YDR034W-B	YDR034W-B	Ino2p	Doc
YDR034W-B	YDR034W-B	Mbp1p	Doc
YDR034W-B	YDR034W-B	Mig1p	Doc
YDR034W-B	YDR034W-B	Msn2p	Doc
YDR034W-B	YDR034W-B	Rfx1p	Doc
YDR034W-B	YDR034W-B	Rox1p	Doc
YDR034W-B	YDR034W-B	Sfp1p	Doc
YDR034W-B	YDR034W-B	Sok2p	Doc
YDR034W-B	YDR034W-B	Stp2p	Doc
YDR034W-B	YDR034W-B	Sut1p	Doc
YDR034W-B	YDR034W-B	Xbp1p	Doc
YDR034W-B	YDR034W-B	YPR015C	Doc
YDR034W-B	YDR034W-B	Oaf1p	Doc
YDR034W-B	YDR034W-B	Gcn4p	Doc
YDR034W-B	YDR034W-B	Pdr1p	Doc
YDR034W-B	YDR034W-B	Pdr3p	Doc
YDR034W-B	YDR034W-B	Aft1p	Doc
YDR034W-B	YDR034W-B	Cup2p	Doc
YDR034W-B	YDR034W-B	Haa1p	Doc
YDR034W-B	YDR034W-B	Mga2p	Doc
YDR034W-B	YDR034W-B	Ric1p	Doc
YDR034W-B	YDR034W-B	Rsc1p	Doc
YDR034W-B	YDR034W-B	Sin3p	Doc
YDR034W-B	YDR034W-B	Spt10p	Doc
YDR034W-B	YDR034W-B	Ume6p	Doc
YDR034W-B	YDR034W-B	Snf2p	Doc
YDR034W-B	YDR034W-B	Swi3p	Doc
YDR034W-B	YDR034W-B	Esc2p	Doc
YDR034W-B	YDR034W-B	Gln3p	Doc
YDR034W-B	YDR034W-B	Arg81p	Doc
YDR034W-B	YDR034W-B	Dal82p	Doc
YDR034W-B	YDR034W-B	Hst4p	Doc
YDR034W-B	YDR034W-B	Stb1p	Doc
YDR034W-B	YDR034W-B	Mig3p	Doc
YDR034W-B	YDR034W-B	Rlm1p	Doc
YDR034W-B	YDR034W-B	Yap1p	Doc
YDR034W-B	YDR034W-B	Swi5p	Doc
YDR034W-B	YDR034W-B	Ace2p	Doc
YDR034W-B	YDR034W-B	Msn4p	Doc
YDR034W-B	YDR034W-B	Cin5p	Doc
YDR034W-B	YDR034W-B	Fhl1p	Doc
YDR034W-B	YDR034W-B	Ifh1p	Doc
YER054C	GIP2	Adr1p	Doc
YER054C	GIP2	Msn2p	Doc
YER054C	GIP2	Msn4p	Doc
YER054C	GIP2	Rpn4p	Doc
YER054C	GIP2	Gis1p	Doc
YER054C	GIP2	Hsf1p	Doc
YER054C	GIP2	Rme1p	Doc
YER054C	GIP2	Sok2p	Doc
YER054C	GIP2	Aft1p	Doc
YER054C	GIP2	Ste12p	Doc
YER054C	GIP2	Gcn4p	Doc
YER054C	GIP2	Swi6p	Doc
YER054C	GIP2	Cst6p	Doc
YER054C	GIP2	Sir1p	Doc
YER054C	GIP2	Snf6p	Doc
YER054C	GIP2	Spt20p	Doc
YER054C	GIP2	Cup9p	Doc
YER054C	GIP2	Gal11p	Doc
YER054C	GIP2	Gal4p	Doc
YER054C	GIP2	Isw2p	Doc
YER054C	GIP2	Spt3p	Doc
YER054C	GIP2	Bas1p	Doc
YER054C	GIP2	Swi5p	Doc
YER054C	GIP2	Ace2p	Doc
YER054C	GIP2	Ash1p	Doc
YER054C	GIP2	Yap1p	Doc
YER054C	GIP2	Arr1p	Doc
YER054C	GIP2	Sfp1p	Doc
YER054C	GIP2	Rlm1p	Doc
YER054C	GIP2	Gcr1p	Doc
YER054C	GIP2	Fhl1p	Doc
YER054C	GIP2	Mig2p	Doc
YER054C	GIP2	Zap1p	Doc
YJL085W	EXO70	Sfp1p	Doc
YJL085W	EXO70	Snf5p	Doc
YJL085W	EXO70	Yap3p	Doc
YJL085W	EXO70	Zds1p	Doc
YJL085W	EXO70	Sin4p	Doc
YJL085W	EXO70	Rpn4p	Doc
YJL085W	EXO70	Ace2p	Doc
YJL085W	EXO70	Yap1p	Doc
YJL085W	EXO70	Ste12p	Doc
YJL085W	EXO70	Tec1p	Doc
YNL141W	AAH1	Rpn4p	Doc
YNL141W	AAH1	Sfp1p	Doc
YNL141W	AAH1	Rsc30p	Doc
YNL141W	AAH1	Adr1p	Doc
YNL141W	AAH1	Oaf1p	Doc
YNL141W	AAH1	Msn2p	Doc
YNL141W	AAH1	Gcr2p	Doc
YNL141W	AAH1	Met4p	Doc
YNL141W	AAH1	Aft2p	Doc
YNL141W	AAH1	Dal82p	Doc
YNL141W	AAH1	Dat1p	Doc
YNL141W	AAH1	Gzf3p	Doc
YNL141W	AAH1	Ino2p	Doc
YNL141W	AAH1	Mss11p	Doc
YNL141W	AAH1	Opi1p	Doc
YNL141W	AAH1	Rtg1p	Doc
YNL141W	AAH1	Sir2p	Doc
YNL141W	AAH1	Stb1p	Doc
YNL141W	AAH1	Yap5p	Doc
YNL141W	AAH1	Ert1p	Doc
YNL141W	AAH1	Nsi1p	Doc
YNL141W	AAH1	Jhd1p	Doc
YNL141W	AAH1	YGR067C	Doc
YNL141W	AAH1	Bye1p	Doc
YNL141W	AAH1	Gts1p	Doc
YNL141W	AAH1	Bas1p	Doc
YNL141W	AAH1	Cse2p	Doc
YNL141W	AAH1	Fkh2p	Doc
YNL141W	AAH1	Ixr1p	Doc
YNL141W	AAH1	Mga2p	Doc
YNL141W	AAH1	Sir3p	Doc
YNL141W	AAH1	Spt10p	Doc
YNL141W	AAH1	Srb2p	Doc
YNL141W	AAH1	Ume6p	Doc
YNL141W	AAH1	Hfi1p	Doc
YNL141W	AAH1	Sin4p	Doc
YNL141W	AAH1	Snf2p	Doc
YNL141W	AAH1	Snf5p	Doc
YNL141W	AAH1	Snf6p	Doc
YNL141W	AAH1	Spt20p	Doc
YNL141W	AAH1	Cdc73p	Doc
YNL141W	AAH1	Spt3p	Doc
YNL141W	AAH1	Fkh1p	Doc
YNL141W	AAH1	Swi5p	Doc
YNL141W	AAH1	Ace2p	Doc
YNL141W	AAH1	Msn4p	Doc
YNL141W	AAH1	Cup2p	Doc
YNL141W	AAH1	Hap4p	Doc
YNL141W	AAH1	Mot3p	Doc
YNL141W	AAH1	Put3p	Doc
YNL141W	AAH1	Stp2p	Doc
YNL141W	AAH1	Sut1p	Doc
YNL141W	AAH1	Xbp1p	Doc
YNL141W	AAH1	Cbf1p	Doc
YNL141W	AAH1	Aft1p	Doc
YNL141W	AAH1	Rap1p	Doc
YNL141W	AAH1	Rlm1p	Doc
YNL141W	AAH1	Yhp1p	Doc
YNL141W	AAH1	Yox1p	Doc
YNL141W	AAH1	Rsf2p	Doc
YNL141W	AAH1	Zap1p	Doc
YKL090W	CUE2	Sok2p	Doc
YKL090W	CUE2	Aft1p	Doc
YKL090W	CUE2	Mal33p	Doc
YKL090W	CUE2	Xbp1p	Doc
YKL090W	CUE2	Snf2p	Doc
YKL090W	CUE2	Hir1p	Doc
YKL090W	CUE2	Snf5p	Doc
YKL090W	CUE2	Spt20p	Doc
YKL090W	CUE2	Yap1p	Doc
YKL090W	CUE2	Ash1p	Doc
YKL090W	CUE2	Ace2p	Doc
YKL090W	CUE2	YPR015C	Doc
YKL090W	CUE2	Tec1p	Doc
YKL090W	CUE2	Ste12p	Doc
YPL004C	LSP1	Msn2p	Doc
YPL004C	LSP1	Msn4p	Doc
YPL004C	LSP1	Pdr1p	Doc
YPL004C	LSP1	Pdr3p	Doc
YPL004C	LSP1	Arr1p	Doc
YPL004C	LSP1	Nrg1p	Doc
YPL004C	LSP1	Nrg2p	Doc
YPL004C	LSP1	Mga1p	Doc
YPL004C	LSP1	Aft1p	Doc
YPL004C	LSP1	Rpn4p	Doc
YPL004C	LSP1	Ixr1p	Doc
YPL004C	LSP1	Mga2p	Doc
YPL004C	LSP1	Rgm1p	Doc
YPL004C	LSP1	Sin3p	Doc
YPL004C	LSP1	Cst6p	Doc
YPL004C	LSP1	Flo8p	Doc
YPL004C	LSP1	Snf2p	Doc
YPL004C	LSP1	Swi3p	Doc
YPL004C	LSP1	Tup1p	Doc
YPL004C	LSP1	YER184C	Doc
YPL004C	LSP1	Mcm1p	Doc
YPL004C	LSP1	Ash1p	Doc
YPL004C	LSP1	Ask10p	Doc
YPL004C	LSP1	Bas1p	Doc
YPL004C	LSP1	Hap4p	Doc
YPL004C	LSP1	Hir3p	Doc
YPL004C	LSP1	Hpa2p	Doc
YPL004C	LSP1	Mig1p	Doc
YPL004C	LSP1	Mig2p	Doc
YPL004C	LSP1	Mot3p	Doc
YPL004C	LSP1	Not3p	Doc
YPL004C	LSP1	Oaf1p	Doc
YPL004C	LSP1	Pho23p	Doc
YPL004C	LSP1	Pho4p	Doc
YPL004C	LSP1	Sas5p	Doc
YPL004C	LSP1	Snf1p	Doc
YPL004C	LSP1	Stp1p	Doc
YPL004C	LSP1	Stp2p	Doc
YPL004C	LSP1	Sum1p	Doc
YPL004C	LSP1	Sut2p	Doc
YPL004C	LSP1	Swi6p	Doc
YPL004C	LSP1	YGR067C	Doc
YPL004C	LSP1	Oaf3p	Doc
YPL004C	LSP1	Hfi1p	Doc
YPL004C	LSP1	Spt20p	Doc
YPL004C	LSP1	Abf1p	Doc
YPL004C	LSP1	Fkh1p	Doc
YPL004C	LSP1	Swi5p	Doc
YPL004C	LSP1	Ace2p	Doc
YPL004C	LSP1	Yap1p	Doc
YPL004C	LSP1	Sfp1p	Doc
YPL004C	LSP1	Rlm1p	Doc
YPL004C	LSP1	Sok2p	Doc
YPL004C	LSP1	Yrm1p	Doc
YPL004C	LSP1	Tec1p	Doc
YPL004C	LSP1	Zap1p	Doc
YLL026W	HSP104	Hsf1p	Doc
YLL026W	HSP104	Msn2p	Doc
YLL026W	HSP104	Msn4p	Doc
YLL026W	HSP104	Sfl1p	Doc
YLL026W	HSP104	Skn7p	Doc
YLL026W	HSP104	Yap1p	Doc
YLL026W	HSP104	Abf1p	Doc
YLL026W	HSP104	Cst6p	Doc
YLL026W	HSP104	Mbp1p	Doc
YLL026W	HSP104	Mga1p	Doc
YLL026W	HSP104	Aft1p	Doc
YLL026W	HSP104	Arg80p	Doc
YLL026W	HSP104	Fkh1p	Doc
YLL026W	HSP104	Sko1p	Doc
YLL026W	HSP104	Sfp1p	Doc
YLL026W	HSP104	Rpn4p	Doc
YLL026W	HSP104	Ace2p	Doc
YLL026W	HSP104	Cbf1p	Doc
YLL026W	HSP104	Cup2p	Doc
YLL026W	HSP104	Haa1p	Doc
YLL026W	HSP104	Mga2p	Doc
YLL026W	HSP104	Rds1p	Doc
YLL026W	HSP104	Rgm1p	Doc
YLL026W	HSP104	Rpi1p	Doc
YLL026W	HSP104	Smk1p	Doc
YLL026W	HSP104	Wtm2p	Doc
YLL026W	HSP104	Hel2p	Doc
YLL026W	HSP104	Yhp1p	Doc
YLL026W	HSP104	YLR278C	Doc
YLL026W	HSP104	YPR196W	Doc
YLL026W	HSP104	Flo8p	Doc
YLL026W	HSP104	Mac1p	Doc
YLL026W	HSP104	Swi4p	Doc
YLL026W	HSP104	YER130C	Doc
YLL026W	HSP104	YER184C	Doc
YLL026W	HSP104	Mcm1p	Doc
YLL026W	HSP104	Aft2p	Doc
YLL026W	HSP104	Rim101p	Doc
YLL026W	HSP104	Swi5p	Doc
YLL026W	HSP104	YGR067C	Doc
YLL026W	HSP104	Snf2p	Doc
YLL026W	HSP104	Snf6p	Doc
YLL026W	HSP104	Sok2p	Doc
YLL026W	HSP104	Mig3p	Doc
YLL026W	HSP104	Bas1p	Doc
YLL026W	HSP104	Gcn4p	Doc
YLL026W	HSP104	Cac2p	Doc
YLL026W	HSP104	Ash1p	Doc
YLL026W	HSP104	Mot3p	Doc
YLL026W	HSP104	Yox1p	Doc
YLL026W	HSP104	Kar4p	Doc
YLL026W	HSP104	Pho4p	Doc
YLL026W	HSP104	Hap1p	Doc
YGR194C	XKS1	Stb5p	Doc
YGR194C	XKS1	Rpn4p	Doc
YGR194C	XKS1	Sin3p	Doc
YGR194C	XKS1	Sps18p	Doc
YGR194C	XKS1	Cst6p	Doc
YGR194C	XKS1	Snf2p	Doc
YGR194C	XKS1	Sok2p	Doc
YGR194C	XKS1	Mig3p	Doc
YGR194C	XKS1	Ixr1p	Doc
YGR194C	XKS1	Swi5p	Doc
YGR194C	XKS1	Ace2p	Doc
YGR194C	XKS1	Msn2p	Doc
YGR194C	XKS1	Msn4p	Doc
YGR194C	XKS1	Yap1p	Doc
YGR194C	XKS1	Gat3p	Doc
YGR194C	XKS1	Xbp1p	Doc
YGR194C	XKS1	Arr1p	Doc
YGR194C	XKS1	Sfp1p	Doc
YGR194C	XKS1	Tec1p	Doc
YGR194C	XKS1	Zap1p	Doc
YPL269W	KAR9	Rpn4p	Doc
YPL269W	KAR9	Mbp1p	Doc
YPL269W	KAR9	Sfp1p	Doc
YPL269W	KAR9	Cst6p	Doc
YPL269W	KAR9	Sin4p	Doc
YPL269W	KAR9	Snf5p	Doc
YPL269W	KAR9	Snf6p	Doc
YPL269W	KAR9	Tup1p	Doc
YPL269W	KAR9	Hcm1p	Doc
YPL269W	KAR9	Pho2p	Doc
YPL269W	KAR9	Rsc2p	Doc
YPL269W	KAR9	Ash1p	Doc
YPL269W	KAR9	Ace2p	Doc
YPL269W	KAR9	Rap1p	Doc
YPL269W	KAR9	Hap4p	Doc
YPL269W	KAR9	Kar4p	Doc
YGR264C	MES1	Sfp1p	Doc
YGR264C	MES1	Ume6p	Doc
YGR264C	MES1	Yap1p	Doc
YGR264C	MES1	Hap2p	Doc
YGR264C	MES1	Pib2p	Doc
YGR264C	MES1	Rtf1p	Doc
YGR264C	MES1	Sas3p	Doc
YGR264C	MES1	Sin3p	Doc
YGR264C	MES1	Sir2p	Doc
YGR264C	MES1	Spt10p	Doc
YGR264C	MES1	Spt4p	Doc
YGR264C	MES1	Cst6p	Doc
YGR264C	MES1	Sin4p	Doc
YGR264C	MES1	Snf2p	Doc
YGR264C	MES1	Snf5p	Doc
YGR264C	MES1	Snf6p	Doc
YGR264C	MES1	Spt20p	Doc
YGR264C	MES1	Swi3p	Doc
YGR264C	MES1	Tup1p	Doc
YGR264C	MES1	Gcr1p	Doc
YGR264C	MES1	Hsf1p	Doc
YGR264C	MES1	Sok2p	Doc
YGR264C	MES1	Mig3p	Doc
YGR264C	MES1	Ixr1p	Doc
YGR264C	MES1	Swi5p	Doc
YGR264C	MES1	Ace2p	Doc
YGR264C	MES1	Ash1p	Doc
YGR264C	MES1	Ste12p	Doc
YGL037C	PNC1	Msn2p	Doc
YGL037C	PNC1	Msn4p	Doc
YGL037C	PNC1	Pdr1p	Doc
YGL037C	PNC1	Pdr3p	Doc
YGL037C	PNC1	Crz1p	Doc
YGL037C	PNC1	Gcn4p	Doc
YGL037C	PNC1	Hsf1p	Doc
YGL037C	PNC1	Mcm1p	Doc
YGL037C	PNC1	Gis1p	Doc
YGL037C	PNC1	Yap1p	Doc
YGL037C	PNC1	Rpn4p	Doc
YGL037C	PNC1	Gcr2p	Doc
YGL037C	PNC1	Cbf1p	Doc
YGL037C	PNC1	Cse2p	Doc
YGL037C	PNC1	Hap2p	Doc
YGL037C	PNC1	Mga2p	Doc
YGL037C	PNC1	Rgm1p	Doc
YGL037C	PNC1	Srb8p	Doc
YGL037C	PNC1	Gcr1p	Doc
YGL037C	PNC1	Hog1p	Doc
YGL037C	PNC1	Mig1p	Doc
YGL037C	PNC1	Oaf1p	Doc
YGL037C	PNC1	Sfp1p	Doc
YGL037C	PNC1	Stp1p	Doc
YGL037C	PNC1	Sum1p	Doc
YGL037C	PNC1	YGR067C	Doc
YGL037C	PNC1	Hfi1p	Doc
YGL037C	PNC1	Bas1p	Doc
YGL037C	PNC1	Ixr1p	Doc
YGL037C	PNC1	Ask10p	Doc
YGL037C	PNC1	Fkh1p	Doc
YGL037C	PNC1	Ace2p	Doc
YGL037C	PNC1	Rlm1p	Doc
YGL037C	PNC1	Yox1p	Doc
YGL037C	PNC1	Yhp1p	Doc
YGL037C	PNC1	Rsf2p	Doc
YGL037C	PNC1	Zap1p	Doc
YOR206W	NOC2	Sfp1p	Doc
YOR206W	NOC2	Rpn4p	Doc
YOR206W	NOC2	Arg80p	Doc
YOR206W	NOC2	Hap2p	Doc
YOR206W	NOC2	Msn2p	Doc
YOR206W	NOC2	Ndt80p	Doc
YOR206W	NOC2	Bas1p	Doc
YOR206W	NOC2	Cup2p	Doc
YOR206W	NOC2	Fkh2p	Doc
YOR206W	NOC2	Gcr2p	Doc
YOR206W	NOC2	Haa1p	Doc
YOR206W	NOC2	Rif1p	Doc
YOR206W	NOC2	Sas3p	Doc
YOR206W	NOC2	Spt10p	Doc
YOR206W	NOC2	Spt4p	Doc
YOR206W	NOC2	Asg1p	Doc
YOR206W	NOC2	Sok2p	Doc
YOR206W	NOC2	Fkh1p	Doc
YOR206W	NOC2	Swi5p	Doc
YOR206W	NOC2	Ace2p	Doc
YOR206W	NOC2	Swi4p	Doc
YOR206W	NOC2	Met31p	Doc
YOR206W	NOC2	Msn4p	Doc
YOR206W	NOC2	Pdr1p	Doc
YOR206W	NOC2	Rlm1p	Doc
YOR206W	NOC2	Yhp1p	Doc
YOR206W	NOC2	Yox1p	Doc
YOR206W	NOC2	Yrm1p	Doc
YOR206W	NOC2	Yrr1p	Doc
YOR206W	NOC2	Zap1p	Doc
YGR134W	CAF130	Abf1p	Doc
YGR134W	CAF130	Aft1p	Doc
YGR134W	CAF130	Dot6p	Doc
YGR134W	CAF130	Fkh2p	Doc
YGR134W	CAF130	Hda1p	Doc
YGR134W	CAF130	Hog1p	Doc
YGR134W	CAF130	Kss1p	Doc
YGR134W	CAF130	Mbf1p	Doc
YGR134W	CAF130	Msi1p	Doc
YGR134W	CAF130	Nrg1p	Doc
YGR134W	CAF130	Pho23p	Doc
YGR134W	CAF130	Ppr1p	Doc
YGR134W	CAF130	Rdr1p	Doc
YGR134W	CAF130	Rlf2p	Doc
YGR134W	CAF130	Spt2p	Doc
YGR134W	CAF130	Srb2p	Doc
YGR134W	CAF130	Stp1p	Doc
YGR134W	CAF130	Stp2p	Doc
YGR134W	CAF130	Stp4p	Doc
YGR134W	CAF130	Sum1p	Doc
YGR134W	CAF130	Ert1p	Doc
YGR134W	CAF130	Vms1p	Doc
YGR134W	CAF130	Urc2p	Doc
YGR134W	CAF130	Mig3p	Doc
YGR134W	CAF130	Otu1p	Doc
YGR134W	CAF130	Tda9p	Doc
YGR134W	CAF130	Hap2p	Doc
YGR134W	CAF130	Sas3p	Doc
YGR134W	CAF130	Sin4p	Doc
YGR134W	CAF130	Snf6p	Doc
YGR134W	CAF130	Tup1p	Doc
YGR134W	CAF130	Mcm1p	Doc
YGR134W	CAF130	Ash1p	Doc
YGR134W	CAF130	Ace2p	Doc
YGR134W	CAF130	Tec1p	Doc
YGR134W	CAF130	Ste12p	Doc
YDR373W	FRQ1	Cst6p	Doc
YDR373W	FRQ1	Ecm22p	Doc
YDR373W	FRQ1	Sfp1p	Doc
YDR373W	FRQ1	Sir2p	Doc
YDR373W	FRQ1	Spt4p	Doc
YDR373W	FRQ1	Hfi1p	Doc
YDR373W	FRQ1	Sin4p	Doc
YDR373W	FRQ1	Snf5p	Doc
YDR373W	FRQ1	Snf6p	Doc
YDR373W	FRQ1	Spt20p	Doc
YDR373W	FRQ1	Aro80p	Doc
YDR373W	FRQ1	Cdc73p	Doc
YDR373W	FRQ1	Cin5p	Doc
YDR373W	FRQ1	Cup9p	Doc
YDR373W	FRQ1	Esc2p	Doc
YDR373W	FRQ1	Gal11p	Doc
YDR373W	FRQ1	Gal4p	Doc
YDR373W	FRQ1	Gcn4p	Doc
YDR373W	FRQ1	Hms1p	Doc
YDR373W	FRQ1	Isw2p	Doc
YDR373W	FRQ1	Pip2p	Doc
YDR373W	FRQ1	Rds2p	Doc
YDR373W	FRQ1	Spt3p	Doc
YDR373W	FRQ1	Taf14p	Doc
YDR373W	FRQ1	Thi2p	Doc
YDR373W	FRQ1	Tye7p	Doc
YDR373W	FRQ1	Yap7p	Doc
YDR373W	FRQ1	Zds1p	Doc
YDR373W	FRQ1	Rsc2p	Doc
YDR373W	FRQ1	Tup1p	Doc
YDR373W	FRQ1	Ixr1p	Doc
YDR373W	FRQ1	Pho4p	Doc
YPR155C	NCA2	Tec1p	Doc
YPR155C	NCA2	Snf6p	Doc
YPR155C	NCA2	Spt20p	Doc
YPR155C	NCA2	Swi3p	Doc
YPR155C	NCA2	Arg81p	Doc
YPR155C	NCA2	Cac2p	Doc
YPR155C	NCA2	Ino4p	Doc
YPR155C	NCA2	Msn1p	Doc
YPR155C	NCA2	Sok2p	Doc
YPR155C	NCA2	Rpn4p	Doc
YPR155C	NCA2	Ace2p	Doc
YPR155C	NCA2	Yap1p	Doc
YPR155C	NCA2	Msn2p	Doc
YPR155C	NCA2	Msn4p	Doc
YPR155C	NCA2	Sfp1p	Doc
YNL113W	RPC19	Sfp1p	Doc
YNL113W	RPC19	Snf6p	Doc
YNL113W	RPC19	Hal9p	Doc
YNL113W	RPC19	Ixr1p	Doc
YNL113W	RPC19	Spt10p	Doc
YNL113W	RPC19	YJL206C	Doc
YNL113W	RPC19	Swi5p	Doc
YNL113W	RPC19	Msn2p	Doc
YNL113W	RPC19	Msn4p	Doc
YNL113W	RPC19	Mig2p	Doc
YBR037C	SCO1	Mal13p	Doc
YBR037C	SCO1	Swi3p	Doc
YBR037C	SCO1	Uls1p	Doc
YBR037C	SCO1	Gcr1p	Doc
YBR037C	SCO1	Rap1p	Doc
YBR037C	SCO1	Msn2p	Doc
YBR037C	SCO1	Ash1p	Doc
YBR037C	SCO1	Ace2p	Doc
YBR037C	SCO1	Msn4p	Doc
YBR037C	SCO1	Yap1p	Doc
YBR037C	SCO1	Gcn4p	Doc
YBR037C	SCO1	Hsf1p	Doc
YBR037C	SCO1	Rox1p	Doc
YBR037C	SCO1	Arr1p	Doc
YBR037C	SCO1	Sfp1p	Doc
YBR037C	SCO1	Yrm1p	Doc
YBR024W	SCO2	Ste12p	Doc
YBR024W	SCO2	Ecm22p	Doc
YBR024W	SCO2	Gcr2p	Doc
YBR024W	SCO2	Mds3p	Doc
YBR024W	SCO2	Mga1p	Doc
YBR024W	SCO2	Rox1p	Doc
YBR024W	SCO2	Sin3p	Doc
YBR024W	SCO2	Cst6p	Doc
YBR024W	SCO2	Sin4p	Doc
YBR024W	SCO2	Rgt1p	Doc
YBR024W	SCO2	Hsf1p	Doc
YBR024W	SCO2	Bas1p	Doc
YBR024W	SCO2	Ace2p	Doc
YBR024W	SCO2	Sfp1p	Doc
YBR024W	SCO2	Rsf2p	Doc
YBR024W	SCO2	Yrm1p	Doc
YBR024W	SCO2	Zap1p	Doc
YIL079C	AIR1	Sfp1p	Doc
YIL079C	AIR1	Ste12p	Doc
YIL079C	AIR1	Rds1p	Doc
YIL079C	AIR1	Ume6p	Doc
YIL079C	AIR1	Phd1p	Doc
YIL079C	AIR1	Spt10p	Doc
YIL079C	AIR1	Pho2p	Doc
YIL079C	AIR1	Swi5p	Doc
YIL079C	AIR1	Ace2p	Doc
YIL079C	AIR1	Ash1p	Doc
YIL079C	AIR1	Met31p	Doc
YIL079C	AIR1	Tec1p	Doc
YDL051W	LHP1	Cbf1p	Doc
YDL051W	LHP1	Tye7p	Doc
YDL051W	LHP1	Sfp1p	Doc
YDL051W	LHP1	Gln3p	Doc
YDL051W	LHP1	Gcn4p	Doc
YDL051W	LHP1	Mbf1p	Doc
YDL051W	LHP1	Msi1p	Doc
YDL051W	LHP1	Rdr1p	Doc
YDL051W	LHP1	Rtg3p	Doc
YDL051W	LHP1	Sin3p	Doc
YDL051W	LHP1	Spt10p	Doc
YDL051W	LHP1	Urc2p	Doc
YDL051W	LHP1	Otu1p	Doc
YDL051W	LHP1	Cst6p	Doc
YDL051W	LHP1	Hfi1p	Doc
YDL051W	LHP1	Snf2p	Doc
YDL051W	LHP1	Snf5p	Doc
YDL051W	LHP1	Spt20p	Doc
YDL051W	LHP1	Swi3p	Doc
YDL051W	LHP1	Tup1p	Doc
YDL051W	LHP1	Fkh1p	Doc
YDL051W	LHP1	Swi5p	Doc
YDL051W	LHP1	Ace2p	Doc
YDL051W	LHP1	Aft1p	Doc
YDL051W	LHP1	Abf1p	Doc
YNL200C	YNL200C	Msn2p	Doc
YNL200C	YNL200C	Msn4p	Doc
YNL200C	YNL200C	Nrg1p	Doc
YNL200C	YNL200C	Nrg2p	Doc
YNL200C	YNL200C	Sok2p	Doc
YNL200C	YNL200C	Rpn4p	Doc
YNL200C	YNL200C	Pdr1p	Doc
YNL200C	YNL200C	Rfx1p	Doc
YNL200C	YNL200C	Haa1p	Doc
YNL200C	YNL200C	Arg80p	Doc
YNL200C	YNL200C	Cup2p	Doc
YNL200C	YNL200C	Gcr2p	Doc
YNL200C	YNL200C	Hap2p	Doc
YNL200C	YNL200C	Mga2p	Doc
YNL200C	YNL200C	Pib2p	Doc
YNL200C	YNL200C	Rgm1p	Doc
YNL200C	YNL200C	Rlf2p	Doc
YNL200C	YNL200C	Rph1p	Doc
YNL200C	YNL200C	Sas3p	Doc
YNL200C	YNL200C	Sin3p	Doc
YNL200C	YNL200C	Spt10p	Doc
YNL200C	YNL200C	Spt4p	Doc
YNL200C	YNL200C	Cst6p	Doc
YNL200C	YNL200C	Swi4p	Doc
YNL200C	YNL200C	Yap1p	Doc
YNL200C	YNL200C	YER184C	Doc
YNL200C	YNL200C	Ash1p	Doc
YNL200C	YNL200C	Ask10p	Doc
YNL200C	YNL200C	Azf1p	Doc
YNL200C	YNL200C	Hap4p	Doc
YNL200C	YNL200C	Mig1p	Doc
YNL200C	YNL200C	Rme1p	Doc
YNL200C	YNL200C	Sas5p	Doc
YNL200C	YNL200C	Snf1p	Doc
YNL200C	YNL200C	Stb6p	Doc
YNL200C	YNL200C	Skn7p	Doc
YNL200C	YNL200C	Swi5p	Doc
YNL200C	YNL200C	Bas1p	Doc
YNL200C	YNL200C	Gcn4p	Doc
YNL200C	YNL200C	Rlm1p	Doc
YNL200C	YNL200C	Ace2p	Doc
YNL200C	YNL200C	Stb5p	Doc
YNL200C	YNL200C	Sfp1p	Doc
YNL200C	YNL200C	Yox1p	Doc
YNL200C	YNL200C	Yhp1p	Doc
YNL200C	YNL200C	Pdr3p	Doc
YNL200C	YNL200C	Yrm1p	Doc
YNL200C	YNL200C	Zap1p	Doc
YGR256W	GND2	Rpn4p	Doc
YGR256W	GND2	Cad1p	Doc
YGR256W	GND2	Arr1p	Doc
YGR256W	GND2	Msn2p	Doc
YGR256W	GND2	Pho4p	Doc
YGR256W	GND2	Zap1p	Doc
YGR256W	GND2	Aft1p	Doc
YGR256W	GND2	Cin5p	Doc
YGR256W	GND2	Sfp1p	Doc
YGR256W	GND2	Adr1p	Doc
YGR256W	GND2	Oaf1p	Doc
YGR256W	GND2	Pdr1p	Doc
YGR256W	GND2	Gcn4p	Doc
YGR256W	GND2	Gis1p	Doc
YGR256W	GND2	Mga2p	Doc
YGR256W	GND2	Ngg1p	Doc
YGR256W	GND2	Spt10p	Doc
YGR256W	GND2	Tda9p	Doc
YGR256W	GND2	Tup1p	Doc
YGR256W	GND2	Gcr1p	Doc
YGR256W	GND2	Dat1p	Doc
YGR256W	GND2	Stb5p	Doc
YGR256W	GND2	Rap1p	Doc
YGR256W	GND2	Bas1p	Doc
YGR256W	GND2	Mig3p	Doc
YGR256W	GND2	Rlm1p	Doc
YGR256W	GND2	Swi5p	Doc
YGR256W	GND2	Ace2p	Doc
YGR256W	GND2	Ash1p	Doc
YGR256W	GND2	Msn4p	Doc
YGR256W	GND2	Cup2p	Doc
YGR256W	GND2	Sok2p	Doc
YGR256W	GND2	Tec1p	Doc
YIL155C	GUT2	Abf1p	Doc
YIL155C	GUT2	Msn2p	Doc
YIL155C	GUT2	Msn4p	Doc
YIL155C	GUT2	Cad1p	Doc
YIL155C	GUT2	Adr1p	Doc
YIL155C	GUT2	Gcr1p	Doc
YIL155C	GUT2	Gcr2p	Doc
YIL155C	GUT2	Rpn4p	Doc
YIL155C	GUT2	Arr1p	Doc
YIL155C	GUT2	Rsf2p	Doc
YIL155C	GUT2	Cst6p	Doc
YIL155C	GUT2	Sfp1p	Doc
YIL155C	GUT2	Skn7p	Doc
YIL155C	GUT2	Sok2p	Doc
YIL155C	GUT2	Swi4p	Doc
YIL155C	GUT2	Met4p	Doc
YIL155C	GUT2	Fhl1p	Doc
YIL155C	GUT2	Ixr1p	Doc
YIL155C	GUT2	Mga2p	Doc
YIL155C	GUT2	Ric1p	Doc
YIL155C	GUT2	Sin3p	Doc
YIL155C	GUT2	Sir3p	Doc
YIL155C	GUT2	Spt10p	Doc
YIL155C	GUT2	Ume6p	Doc
YIL155C	GUT2	Hfi1p	Doc
YIL155C	GUT2	Snf2p	Doc
YIL155C	GUT2	Snf5p	Doc
YIL155C	GUT2	Spt20p	Doc
YIL155C	GUT2	Swi3p	Doc
YIL155C	GUT2	Tup1p	Doc
YIL155C	GUT2	Rap1p	Doc
YIL155C	GUT2	Sin4p	Doc
YIL155C	GUT2	Cup9p	Doc
YIL155C	GUT2	Tye7p	Doc
YIL155C	GUT2	Bas1p	Doc
YIL155C	GUT2	Mig3p	Doc
YIL155C	GUT2	Swi5p	Doc
YIL155C	GUT2	Ace2p	Doc
YIL155C	GUT2	Sut1p	Doc
YIL155C	GUT2	Yox1p	Doc
YIL155C	GUT2	Stb5p	Doc
YIL155C	GUT2	Hsf1p	Doc
YIL155C	GUT2	Cin5p	Doc
YIL155C	GUT2	Yhp1p	Doc
YIL155C	GUT2	Mig2p	Doc
YIL155C	GUT2	Ste12p	Doc
YIL155C	GUT2	Tec1p	Doc
YDR171W	HSP42	Hsf1p	Doc
YDR171W	HSP42	Msn2p	Doc
YDR171W	HSP42	Msn4p	Doc
YDR171W	HSP42	Stp1p	Doc
YDR171W	HSP42	Cad1p	Doc
YDR171W	HSP42	Yap1p	Doc
YDR171W	HSP42	Abf1p	Doc
YDR171W	HSP42	Crz1p	Doc
YDR171W	HSP42	Hms1p	Doc
YDR171W	HSP42	Mbp1p	Doc
YDR171W	HSP42	Pdr1p	Doc
YDR171W	HSP42	Rme1p	Doc
YDR171W	HSP42	Rox1p	Doc
YDR171W	HSP42	Rtg3p	Doc
YDR171W	HSP42	Sok2p	Doc
YDR171W	HSP42	Swi4p	Doc
YDR171W	HSP42	Upc2p	Doc
YDR171W	HSP42	Yhp1p	Doc
YDR171W	HSP42	Yox1p	Doc
YDR171W	HSP42	YPR015C	Doc
YDR171W	HSP42	Tec1p	Doc
YDR171W	HSP42	Aft1p	Doc
YDR171W	HSP42	Stb5p	Doc
YDR171W	HSP42	Pdr3p	Doc
YDR171W	HSP42	Sko1p	Doc
YDR171W	HSP42	Rpn4p	Doc
YDR171W	HSP42	Gcr2p	Doc
YDR171W	HSP42	Cbf1p	Doc
YDR171W	HSP42	Haa1p	Doc
YDR171W	HSP42	Mga2p	Doc
YDR171W	HSP42	Sif2p	Doc
YDR171W	HSP42	Sir2p	Doc
YDR171W	HSP42	Swi5p	Doc
YDR171W	HSP42	Flo8p	Doc
YDR171W	HSP42	Mcm1p	Doc
YDR171W	HSP42	Dal81p	Doc
YDR171W	HSP42	Hda1p	Doc
YDR171W	HSP42	Mig1p	Doc
YDR171W	HSP42	Sum1p	Doc
YDR171W	HSP42	Uga3p	Doc
YDR171W	HSP42	Sin4p	Doc
YDR171W	HSP42	Aro80p	Doc
YDR171W	HSP42	Gcn4p	Doc
YDR171W	HSP42	Rds2p	Doc
YDR171W	HSP42	Taf14p	Doc
YDR171W	HSP42	Reb1p	Doc
YDR171W	HSP42	Mig3p	Doc
YDR171W	HSP42	Bas1p	Doc
YDR171W	HSP42	Pho2p	Doc
YDR171W	HSP42	Fkh1p	Doc
YDR171W	HSP42	Ace2p	Doc
YDR171W	HSP42	Gis1p	Doc
YDR171W	HSP42	Mga1p	Doc
YDR171W	HSP42	Xbp1p	Doc
YDR171W	HSP42	Sfp1p	Doc
YDR171W	HSP42	Cin5p	Doc
YDR171W	HSP42	Rlm1p	Doc
YDR171W	HSP42	Kar4p	Doc
YDR171W	HSP42	Fhl1p	Doc
YDR171W	HSP42	Zap1p	Doc
YOR059C	YOR059C	Hsf1p	Doc
YOR059C	YOR059C	Sfp1p	Doc
YOR059C	YOR059C	Cst6p	Doc
YOR059C	YOR059C	Snf2p	Doc
YOR059C	YOR059C	Snf5p	Doc
YOR059C	YOR059C	Spt20p	Doc
YOR059C	YOR059C	Tup1p	Doc
YOR059C	YOR059C	Cdc73p	Doc
YOR059C	YOR059C	Spt3p	Doc
YOR059C	YOR059C	Rap1p	Doc
YOR059C	YOR059C	Aft2p	Doc
YOR059C	YOR059C	Ask10p	Doc
YOR059C	YOR059C	Fkh2p	Doc
YOR059C	YOR059C	Hap4p	Doc
YOR059C	YOR059C	Met18p	Doc
YOR059C	YOR059C	Msn2p	Doc
YOR059C	YOR059C	Msn4p	Doc
YOR059C	YOR059C	Nut1p	Doc
YOR059C	YOR059C	Oaf1p	Doc
YOR059C	YOR059C	Ppr1p	Doc
YOR059C	YOR059C	Rme1p	Doc
YOR059C	YOR059C	Sas5p	Doc
YOR059C	YOR059C	Sir2p	Doc
YOR059C	YOR059C	Sir3p	Doc
YOR059C	YOR059C	Spt4p	Doc
YOR059C	YOR059C	Stb6p	Doc
YOR059C	YOR059C	Ert1p	Doc
YOR059C	YOR059C	Bas1p	Doc
YOR059C	YOR059C	Gcn4p	Doc
YOR059C	YOR059C	Ino2p	Doc
YPL198W	RPL7b	Rap1p	Doc
YPL198W	RPL7b	Sfp1p	Doc
YPL198W	RPL7b	Ifh1p	Doc
YPL198W	RPL7b	Rpn4p	Doc
YPL198W	RPL7b	Gcr1p	Doc
YPL198W	RPL7b	Yap1p	Doc
YPL198W	RPL7b	Abf1p	Doc
YPL198W	RPL7b	Gln3p	Doc
YPL198W	RPL7b	Dal82p	Doc
YPL198W	RPL7b	Ndt80p	Doc
YPL198W	RPL7b	Sas3p	Doc
YPL198W	RPL7b	Sir2p	Doc
YPL198W	RPL7b	Sin4p	Doc
YPL198W	RPL7b	Bas1p	Doc
YPL198W	RPL7b	Cbf1p	Doc
YPL198W	RPL7b	Cse2p	Doc
YPL198W	RPL7b	Gcr2p	Doc
YPL198W	RPL7b	Mga2p	Doc
YPL198W	RPL7b	Msi1p	Doc
YPL198W	RPL7b	Pho2p	Doc
YPL198W	RPL7b	Pho4p	Doc
YPL198W	RPL7b	Ric1p	Doc
YPL198W	RPL7b	Rlf2p	Doc
YPL198W	RPL7b	Rsc2p	Doc
YPL198W	RPL7b	Sin3p	Doc
YPL198W	RPL7b	Sps18p	Doc
YPL198W	RPL7b	Spt10p	Doc
YPL198W	RPL7b	Spt2p	Doc
YPL198W	RPL7b	Srb2p	Doc
YPL198W	RPL7b	Srb8p	Doc
YPL198W	RPL7b	Upc2p	Doc
YPL198W	RPL7b	YPR022C	Doc
YPL198W	RPL7b	Cst6p	Doc
YPL198W	RPL7b	Hfi1p	Doc
YPL198W	RPL7b	Snf2p	Doc
YPL198W	RPL7b	Spt20p	Doc
YPL198W	RPL7b	Swi4p	Doc
YPL198W	RPL7b	Tup1p	Doc
YPL198W	RPL7b	Cdc73p	Doc
YPL198W	RPL7b	Rtt107p	Doc
YPL198W	RPL7b	Spt3p	Doc
YPL198W	RPL7b	Hsf1p	Doc
YPL198W	RPL7b	Reb1p	Doc
YPL198W	RPL7b	Ixr1p	Doc
YPL198W	RPL7b	Fkh1p	Doc
YPL198W	RPL7b	Ace2p	Doc
YPL198W	RPL7b	Cad1p	Doc
YPL198W	RPL7b	Pdr3p	Doc
YPL198W	RPL7b	Pdr1p	Doc
YDR256C	CTA1	Adr1p	Doc
YDR256C	CTA1	Oaf1p	Doc
YDR256C	CTA1	Yap1p	Doc
YDR256C	CTA1	Msn2p	Doc
YDR256C	CTA1	Pip2p	Doc
YDR256C	CTA1	Rap1p	Doc
YDR256C	CTA1	Yox1p	Doc
YDR256C	CTA1	Aft1p	Doc
YDR256C	CTA1	Gln3p	Doc
YDR256C	CTA1	Gcr2p	Doc
YDR256C	CTA1	Bas1p	Doc
YDR256C	CTA1	Ecm22p	Doc
YDR256C	CTA1	Dal82p	Doc
YDR256C	CTA1	Hfi1p	Doc
YDR256C	CTA1	Abf1p	Doc
YDR256C	CTA1	Mig3p	Doc
YDR256C	CTA1	Gcn4p	Doc
YDR256C	CTA1	Met4p	Doc
YDR256C	CTA1	Opi1p	Doc
YDR256C	CTA1	Swi5p	Doc
YDR256C	CTA1	Ace2p	Doc
YDR256C	CTA1	Msn4p	Doc
YDR256C	CTA1	Arr1p	Doc
YDR256C	CTA1	Sfp1p	Doc
YDR256C	CTA1	Cat8p	Doc
YDR256C	CTA1	Yrm1p	Doc
YDR256C	CTA1	Ste12p	Doc
YDR256C	CTA1	Rgt1p	Doc
YDR256C	CTA1	Rgt2p	Doc
YDR256C	CTA1	Tec1p	Doc
YGR248W	SOL4	Ino2p	Doc
YGR248W	SOL4	Ino4p	Doc
YGR248W	SOL4	Msn2p	Doc
YGR248W	SOL4	Msn4p	Doc
YGR248W	SOL4	Ume6p	Doc
YGR248W	SOL4	Rpn4p	Doc
YGR248W	SOL4	Arr1p	Doc
YGR248W	SOL4	Cst6p	Doc
YGR248W	SOL4	Gat4p	Doc
YGR248W	SOL4	Gis1p	Doc
YGR248W	SOL4	Hsf1p	Doc
YGR248W	SOL4	Mbp1p	Doc
YGR248W	SOL4	Mig1p	Doc
YGR248W	SOL4	Mot3p	Doc
YGR248W	SOL4	Pho4p	Doc
YGR248W	SOL4	Rap1p	Doc
YGR248W	SOL4	Rgm1p	Doc
YGR248W	SOL4	Sok2p	Doc
YGR248W	SOL4	Swi4p	Doc
YGR248W	SOL4	Upc2p	Doc
YGR248W	SOL4	Xbp1p	Doc
YGR248W	SOL4	Yap1p	Doc
YGR248W	SOL4	Yhp1p	Doc
YGR248W	SOL4	Aft1p	Doc
YGR248W	SOL4	Met4p	Doc
YGR248W	SOL4	Sfp1p	Doc
YGR248W	SOL4	Pdr3p	Doc
YGR248W	SOL4	Ixr1p	Doc
YGR248W	SOL4	Sko1p	Doc
YGR248W	SOL4	Pdr1p	Doc
YGR248W	SOL4	Gcn4p	Doc
YGR248W	SOL4	Gcr2p	Doc
YGR248W	SOL4	Tec1p	Doc
YGR248W	SOL4	Ste12p	Doc
YGR248W	SOL4	Arg80p	Doc
YGR248W	SOL4	Cbf1p	Doc
YGR248W	SOL4	Cse2p	Doc
YGR248W	SOL4	Cup2p	Doc
YGR248W	SOL4	Haa1p	Doc
YGR248W	SOL4	Hap2p	Doc
YGR248W	SOL4	Hap3p	Doc
YGR248W	SOL4	Mga2p	Doc
YGR248W	SOL4	Rlf2p	Doc
YGR248W	SOL4	Sir2p	Doc
YGR248W	SOL4	Spt4p	Doc
YGR248W	SOL4	Srb8p	Doc
YGR248W	SOL4	Wtm2p	Doc
YGR248W	SOL4	YLR278C	Doc
YGR248W	SOL4	Flo8p	Doc
YGR248W	SOL4	Sin4p	Doc
YGR248W	SOL4	Snf2p	Doc
YGR248W	SOL4	Swi3p	Doc
YGR248W	SOL4	Tup1p	Doc
YGR248W	SOL4	YER130C	Doc
YGR248W	SOL4	YER184C	Doc
YGR248W	SOL4	Mcm1p	Doc
YGR248W	SOL4	Bas1p	Doc
YGR248W	SOL4	Pho2p	Doc
YGR248W	SOL4	Rlm1p	Doc
YGR248W	SOL4	Swi5p	Doc
YGR248W	SOL4	Ace2p	Doc
YGR248W	SOL4	Gat3p	Doc
YGR248W	SOL4	Gcr1p	Doc
YGR248W	SOL4	Fhl1p	Doc
YGR248W	SOL4	Zap1p	Doc
YFL014W	HSP12	Abf1p	Doc
YFL014W	HSP12	Gis1p	Doc
YFL014W	HSP12	Hot1p	Doc
YFL014W	HSP12	Hsf1p	Doc
YFL014W	HSP12	Ino2p	Doc
YFL014W	HSP12	Ino4p	Doc
YFL014W	HSP12	Msn1p	Doc
YFL014W	HSP12	Msn2p	Doc
YFL014W	HSP12	Msn4p	Doc
YFL014W	HSP12	Pdr1p	Doc
YFL014W	HSP12	Pdr3p	Doc
YFL014W	HSP12	Rap1p	Doc
YFL014W	HSP12	Rox1p	Doc
YFL014W	HSP12	Skn7p	Doc
YFL014W	HSP12	Yap1p	Doc
YFL014W	HSP12	Rlm1p	Doc
YFL014W	HSP12	Arr1p	Doc
YFL014W	HSP12	Adr1p	Doc
YFL014W	HSP12	Cst6p	Doc
YFL014W	HSP12	Ecm22p	Doc
YFL014W	HSP12	Gat4p	Doc
YFL014W	HSP12	Gcn4p	Doc
YFL014W	HSP12	Gzf3p	Doc
YFL014W	HSP12	Mbp1p	Doc
YFL014W	HSP12	Mga1p	Doc
YFL014W	HSP12	Mig1p	Doc
YFL014W	HSP12	Mot3p	Doc
YFL014W	HSP12	Pho4p	Doc
YFL014W	HSP12	Rfx1p	Doc
YFL014W	HSP12	Rsc30p	Doc
YFL014W	HSP12	Sfp1p	Doc
YFL014W	HSP12	Sok2p	Doc
YFL014W	HSP12	Ste12p	Doc
YFL014W	HSP12	Swi4p	Doc
YFL014W	HSP12	Xbp1p	Doc
YFL014W	HSP12	Yhp1p	Doc
YFL014W	HSP12	Yox1p	Doc
YFL014W	HSP12	Tec1p	Doc
YFL014W	HSP12	Aft1p	Doc
YFL014W	HSP12	Met4p	Doc
YFL014W	HSP12	Yap5p	Doc
YFL014W	HSP12	Mcm1p	Doc
YFL014W	HSP12	Pip2p	Doc
YFL014W	HSP12	Swi5p	Doc
YFL014W	HSP12	Zap1p	Doc
YFL014W	HSP12	Rpn4p	Doc
YFL014W	HSP12	Gcr2p	Doc
YFL014W	HSP12	Cac2p	Doc
YFL014W	HSP12	Cbf1p	Doc
YFL014W	HSP12	Cse2p	Doc
YFL014W	HSP12	Hal9p	Doc
YFL014W	HSP12	Hap3p	Doc
YFL014W	HSP12	Hcm1p	Doc
YFL014W	HSP12	Ixr1p	Doc
YFL014W	HSP12	Mga2p	Doc
YFL014W	HSP12	Nrg1p	Doc
YFL014W	HSP12	Nut1p	Doc
YFL014W	HSP12	Pho2p	Doc
YFL014W	HSP12	Rgm1p	Doc
YFL014W	HSP12	Ric1p	Doc
YFL014W	HSP12	Rlf2p	Doc
YFL014W	HSP12	Rsc1p	Doc
YFL014W	HSP12	Rsc2p	Doc
YFL014W	HSP12	Rtg3p	Doc
YFL014W	HSP12	Set2p	Doc
YFL014W	HSP12	Spt10p	Doc
YFL014W	HSP12	Spt4p	Doc
YFL014W	HSP12	Srb2p	Doc
YFL014W	HSP12	Srb8p	Doc
YFL014W	HSP12	Ssn2p	Doc
YFL014W	HSP12	Sum1p	Doc
YFL014W	HSP12	Tbs1p	Doc
YFL014W	HSP12	Ume6p	Doc
YFL014W	HSP12	Hel2p	Doc
YFL014W	HSP12	Mig3p	Doc
YFL014W	HSP12	YFL052W	Doc
YFL014W	HSP12	Rco1p	Doc
YFL014W	HSP12	Sin4p	Doc
YFL014W	HSP12	Snf2p	Doc
YFL014W	HSP12	Swi3p	Doc
YFL014W	HSP12	Tup1p	Doc
YFL014W	HSP12	Esc2p	Doc
YFL014W	HSP12	Gln3p	Doc
YFL014W	HSP12	Isw1p	Doc
YFL014W	HSP12	Uls1p	Doc
YFL014W	HSP12	Rtt107p	Doc
YFL014W	HSP12	Stb5p	Doc
YFL014W	HSP12	Taf14p	Doc
YFL014W	HSP12	Zds1p	Doc
YFL014W	HSP12	Gcr1p	Doc
YFL014W	HSP12	Reb1p	Doc
YFL014W	HSP12	Bas1p	Doc
YFL014W	HSP12	Ask10p	Doc
YFL014W	HSP12	Bdf2p	Doc
YFL014W	HSP12	Fkh1p	Doc
YFL014W	HSP12	Ace2p	Doc
YFL014W	HSP12	Ash1p	Doc
YFL014W	HSP12	Crz1p	Doc
YFL014W	HSP12	Sut1p	Doc
YFL014W	HSP12	Leu3p	Doc
YFL014W	HSP12	Kar4p	Doc
YFL014W	HSP12	Fhl1p	Doc
YFL014W	HSP12	Ifh1p	Doc
YFL014W	HSP12	Yrm1p	Doc
YFL014W	HSP12	Hap1p	Doc
YAL031C	GIP4	Rpn4p	Doc
YAL031C	GIP4	Sfp1p	Doc
YAL031C	GIP4	Rsc2p	Doc
YAL031C	GIP4	Bdf2p	Doc
YAL031C	GIP4	Sin4p	Doc
YAL031C	GIP4	Snf6p	Doc
YAL031C	GIP4	Spt20p	Doc
YAL031C	GIP4	Spt3p	Doc
YAL031C	GIP4	Sok2p	Doc
YAL031C	GIP4	Ace2p	Doc
YAL031C	GIP4	Ash1p	Doc
YAL031C	GIP4	Rox1p	Doc
YAL031C	GIP4	Arr1p	Doc
YAL031C	GIP4	Cin5p	Doc
YAL031C	GIP4	Tec1p	Doc
YAL031C	GIP4	Ste12p	Doc
YDL082W	RPL13a	Rap1p	Doc
YDL082W	RPL13a	Sfp1p	Doc
YDL082W	RPL13a	Yap1p	Doc
YDL082W	RPL13a	Leu3p	Doc
YDL082W	RPL13a	Ifh1p	Doc
YDL082W	RPL13a	Rpn4p	Doc
YDL082W	RPL13a	Gcn4p	Doc
YDL082W	RPL13a	Gln3p	Doc
YDL082W	RPL13a	Bas1p	Doc
YDL082W	RPL13a	Cbf1p	Doc
YDL082W	RPL13a	Fkh2p	Doc
YDL082W	RPL13a	Gcr2p	Doc
YDL082W	RPL13a	Hda1p	Doc
YDL082W	RPL13a	Mbf1p	Doc
YDL082W	RPL13a	Met18p	Doc
YDL082W	RPL13a	Mga2p	Doc
YDL082W	RPL13a	Mss11p	Doc
YDL082W	RPL13a	Pho2p	Doc
YDL082W	RPL13a	Pho4p	Doc
YDL082W	RPL13a	Ric1p	Doc
YDL082W	RPL13a	Rsc2p	Doc
YDL082W	RPL13a	Rtg3p	Doc
YDL082W	RPL13a	Sin3p	Doc
YDL082W	RPL13a	Spt10p	Doc
YDL082W	RPL13a	Urc2p	Doc
YDL082W	RPL13a	Nnf2p	Doc
YDL082W	RPL13a	Cst6p	Doc
YDL082W	RPL13a	Hfi1p	Doc
YDL082W	RPL13a	Snf2p	Doc
YDL082W	RPL13a	Snf5p	Doc
YDL082W	RPL13a	Snf6p	Doc
YDL082W	RPL13a	Spt20p	Doc
YDL082W	RPL13a	Swi3p	Doc
YDL082W	RPL13a	Swi4p	Doc
YDL082W	RPL13a	Tup1p	Doc
YDL082W	RPL13a	Gcr1p	Doc
YDL082W	RPL13a	Hsf1p	Doc
YDL082W	RPL13a	Sok2p	Doc
YDL082W	RPL13a	Fkh1p	Doc
YDL082W	RPL13a	Swi5p	Doc
YDL082W	RPL13a	Ace2p	Doc
YDL082W	RPL13a	Arr1p	Doc
YDL082W	RPL13a	Hac1p	Doc
YFL042C	YFL042C	Cad1p	Doc
YFL042C	YFL042C	Hsf1p	Doc
YFL042C	YFL042C	Sfp1p	Doc
YFL042C	YFL042C	Aft1p	Doc
YFL042C	YFL042C	Gcr2p	Doc
YFL042C	YFL042C	Ixr1p	Doc
YFL042C	YFL042C	Mga2p	Doc
YFL042C	YFL042C	Set2p	Doc
YFL042C	YFL042C	Sin3p	Doc
YFL042C	YFL042C	Swi6p	Doc
YFL042C	YFL042C	Hel2p	Doc
YFL042C	YFL042C	Cst6p	Doc
YFL042C	YFL042C	Hfi1p	Doc
YFL042C	YFL042C	Snf5p	Doc
YFL042C	YFL042C	Spt20p	Doc
YFL042C	YFL042C	Cdc73p	Doc
YFL042C	YFL042C	Sas3p	Doc
YFL042C	YFL042C	Sok2p	Doc
YFL042C	YFL042C	Bas1p	Doc
YFL042C	YFL042C	Gcn4p	Doc
YFL042C	YFL042C	Swi5p	Doc
YFL042C	YFL042C	Ace2p	Doc
YFL042C	YFL042C	Stb5p	Doc
YFL042C	YFL042C	Rap1p	Doc
YFL042C	YFL042C	Tec1p	Doc
YFL042C	YFL042C	Ste12p	Doc
YFL042C	YFL042C	Zap1p	Doc
YOR294W	RRS1	Sfp1p	Doc
YOR294W	RRS1	Stb5p	Doc
YOR294W	RRS1	Msn2p	Doc
YOR294W	RRS1	Mot3p	Doc
YOR294W	RRS1	Sds3p	Doc
YOR294W	RRS1	Cup9p	Doc
YOR294W	RRS1	Gal11p	Doc
YOR294W	RRS1	Isw2p	Doc
YOR294W	RRS1	Pip2p	Doc
YOR294W	RRS1	Spt3p	Doc
YOR294W	RRS1	Tye7p	Doc
YOR294W	RRS1	Bas1p	Doc
YOR294W	RRS1	Cse2p	Doc
YOR294W	RRS1	Fkh2p	Doc
YOR294W	RRS1	Mga2p	Doc
YOR294W	RRS1	Pop2p	Doc
YOR294W	RRS1	Rif1p	Doc
YOR294W	RRS1	Spt10p	Doc
YOR294W	RRS1	Spt2p	Doc
YOR294W	RRS1	Asg1p	Doc
YOR294W	RRS1	YLR278C	Doc
YOR294W	RRS1	Snf2p	Doc
YOR294W	RRS1	Ixr1p	Doc
YOR294W	RRS1	Ace2p	Doc
YOR294W	RRS1	Met31p	Doc
YOR294W	RRS1	Msn4p	Doc
YOR294W	RRS1	Pdr1p	Doc
YOR294W	RRS1	Rap1p	Doc
YOR294W	RRS1	Rlm1p	Doc
YOR294W	RRS1	Yhp1p	Doc
YOR294W	RRS1	Yox1p	Doc
YJL136C	RPS21b	Rap1p	Doc
YJL136C	RPS21b	Sfp1p	Doc
YJL136C	RPS21b	Ifh1p	Doc
YJL136C	RPS21b	Rpn4p	Doc
YJL136C	RPS21b	Arr1p	Doc
YJL136C	RPS21b	Gcr1p	Doc
YJL136C	RPS21b	Met4p	Doc
YJL136C	RPS21b	Hap2p	Doc
YJL136C	RPS21b	Sas3p	Doc
YJL136C	RPS21b	Sds3p	Doc
YJL136C	RPS21b	Sir2p	Doc
YJL136C	RPS21b	Spt4p	Doc
YJL136C	RPS21b	Cin5p	Doc
YJL136C	RPS21b	Cup9p	Doc
YJL136C	RPS21b	Esc2p	Doc
YJL136C	RPS21b	Gal11p	Doc
YJL136C	RPS21b	Gal4p	Doc
YJL136C	RPS21b	Hms1p	Doc
YJL136C	RPS21b	Isw2p	Doc
YJL136C	RPS21b	Kar4p	Doc
YJL136C	RPS21b	Pip2p	Doc
YJL136C	RPS21b	Thi2p	Doc
YJL136C	RPS21b	Tye7p	Doc
YJL136C	RPS21b	Yap7p	Doc
YJL136C	RPS21b	Zds1p	Doc
YJL136C	RPS21b	Mcm1p	Doc
YJL136C	RPS21b	Mga2p	Doc
YJL136C	RPS21b	Sin3p	Doc
YJL136C	RPS21b	Spt10p	Doc
YJL136C	RPS21b	Cst6p	Doc
YJL136C	RPS21b	Hfi1p	Doc
YJL136C	RPS21b	Spt20p	Doc
YJL136C	RPS21b	Hsf1p	Doc
YJL136C	RPS21b	Fkh1p	Doc
YJL136C	RPS21b	Msn2p	Doc
YJL136C	RPS21b	Ash1p	Doc
YJL136C	RPS21b	Ace2p	Doc
YJL136C	RPS21b	Msn4p	Doc
YJL136C	RPS21b	Yap1p	Doc
YJL136C	RPS21b	Cbf1p	Doc
YJL136C	RPS21b	Hac1p	Doc
YJL136C	RPS21b	Pho4p	Doc
YKR057W	RPS21a	Rap1p	Doc
YKR057W	RPS21a	Sfp1p	Doc
YKR057W	RPS21a	Tye7p	Doc
YKR057W	RPS21a	Ifh1p	Doc
YKR057W	RPS21a	Rpn4p	Doc
YKR057W	RPS21a	Arr1p	Doc
YKR057W	RPS21a	Gcr1p	Doc
YKR057W	RPS21a	Yap1p	Doc
YKR057W	RPS21a	Msn2p	Doc
YKR057W	RPS21a	Arg81p	Doc
YKR057W	RPS21a	Cad1p	Doc
YKR057W	RPS21a	Dal82p	Doc
YKR057W	RPS21a	Haa1p	Doc
YKR057W	RPS21a	Hap2p	Doc
YKR057W	RPS21a	Mal33p	Doc
YKR057W	RPS21a	Mga1p	Doc
YKR057W	RPS21a	Msn1p	Doc
YKR057W	RPS21a	Pgd1p	Doc
YKR057W	RPS21a	Sas3p	Doc
YKR057W	RPS21a	Sds3p	Doc
YKR057W	RPS21a	Sir2p	Doc
YKR057W	RPS21a	Sir3p	Doc
YKR057W	RPS21a	Spt4p	Doc
YKR057W	RPS21a	Gts1p	Doc
YKR057W	RPS21a	Ace2p	Doc
YKR057W	RPS21a	Aro80p	Doc
YKR057W	RPS21a	Cin5p	Doc
YKR057W	RPS21a	Cup9p	Doc
YKR057W	RPS21a	Esc2p	Doc
YKR057W	RPS21a	Gal11p	Doc
YKR057W	RPS21a	Gal4p	Doc
YKR057W	RPS21a	Gcn4p	Doc
YKR057W	RPS21a	Hat2p	Doc
YKR057W	RPS21a	Hms1p	Doc
YKR057W	RPS21a	Isw2p	Doc
YKR057W	RPS21a	Kar4p	Doc
YKR057W	RPS21a	Pip2p	Doc
YKR057W	RPS21a	Put3p	Doc
YKR057W	RPS21a	Rds2p	Doc
YKR057W	RPS21a	Swi5p	Doc
YKR057W	RPS21a	Thi2p	Doc
YKR057W	RPS21a	Tis11p	Doc
YKR057W	RPS21a	Yap7p	Doc
YKR057W	RPS21a	Zds1p	Doc
YKR057W	RPS21a	Bas1p	Doc
YKR057W	RPS21a	Gcr2p	Doc
YKR057W	RPS21a	Mga2p	Doc
YKR057W	RPS21a	Pho4p	Doc
YKR057W	RPS21a	Ric1p	Doc
YKR057W	RPS21a	Rlf2p	Doc
YKR057W	RPS21a	Sin3p	Doc
YKR057W	RPS21a	Spt10p	Doc
YKR057W	RPS21a	YPR022C	Doc
YKR057W	RPS21a	Cst6p	Doc
YKR057W	RPS21a	Hfi1p	Doc
YKR057W	RPS21a	Snf2p	Doc
YKR057W	RPS21a	Snf6p	Doc
YKR057W	RPS21a	Spt20p	Doc
YKR057W	RPS21a	Tup1p	Doc
YKR057W	RPS21a	Hsf1p	Doc
YKR057W	RPS21a	Fkh1p	Doc
YKR057W	RPS21a	Ash1p	Doc
YKR057W	RPS21a	Abf1p	Doc
YKR057W	RPS21a	Hac1p	Doc
YEL026W	SNU13	Sfp1p	Doc
YEL026W	SNU13	Yap1p	Doc
YEL026W	SNU13	Stb5p	Doc
YEL026W	SNU13	Pdr3p	Doc
YEL026W	SNU13	Gcn4p	Doc
YEL026W	SNU13	Gln3p	Doc
YEL026W	SNU13	Bdf2p	Doc
YEL026W	SNU13	Cad1p	Doc
YEL026W	SNU13	Dal82p	Doc
YEL026W	SNU13	Hap2p	Doc
YEL026W	SNU13	Msn1p	Doc
YEL026W	SNU13	Ndt80p	Doc
YEL026W	SNU13	Pgd1p	Doc
YEL026W	SNU13	Sas3p	Doc
YEL026W	SNU13	Sds3p	Doc
YEL026W	SNU13	Sef1p	Doc
YEL026W	SNU13	Sif2p	Doc
YEL026W	SNU13	Sir2p	Doc
YEL026W	SNU13	Sir3p	Doc
YEL026W	SNU13	Spt4p	Doc
YEL026W	SNU13	Yap5p	Doc
YEL026W	SNU13	Gts1p	Doc
YEL026W	SNU13	Sin4p	Doc
YEL026W	SNU13	Mga2p	Doc
YEL026W	SNU13	Ric1p	Doc
YEL026W	SNU13	Spt10p	Doc
YEL026W	SNU13	Cst6p	Doc
YEL026W	SNU13	Hfi1p	Doc
YEL026W	SNU13	Snf2p	Doc
YEL026W	SNU13	Snf5p	Doc
YEL026W	SNU13	Snf6p	Doc
YEL026W	SNU13	Spt20p	Doc
YEL026W	SNU13	Tup1p	Doc
YEL026W	SNU13	Gcr1p	Doc
YEL026W	SNU13	Hsf1p	Doc
YEL026W	SNU13	Mcm1p	Doc
YEL026W	SNU13	Rap1p	Doc
YEL026W	SNU13	Reb1p	Doc
YEL026W	SNU13	Sok2p	Doc
YEL026W	SNU13	Fkh1p	Doc
YEL026W	SNU13	Swi5p	Doc
YEL026W	SNU13	Ace2p	Doc
YEL026W	SNU13	Ash1p	Doc
YEL026W	SNU13	Arr1p	Doc
YEL026W	SNU13	Cbf1p	Doc
YEL026W	SNU13	Pdr1p	Doc
YEL026W	SNU13	Aft1p	Doc
YPL273W	SAM4	Yhp1p	Doc
YPL273W	SAM4	Gcn4p	Doc
YPL273W	SAM4	Leu3p	Doc
YPL273W	SAM4	Arr1p	Doc
YPL273W	SAM4	Msn2p	Doc
YPL273W	SAM4	Sfp1p	Doc
YPL273W	SAM4	Gcr2p	Doc
YPL273W	SAM4	Bas1p	Doc
YPL273W	SAM4	Cse2p	Doc
YPL273W	SAM4	Dal81p	Doc
YPL273W	SAM4	Dig1p	Doc
YPL273W	SAM4	Dot6p	Doc
YPL273W	SAM4	Fkh2p	Doc
YPL273W	SAM4	Hda1p	Doc
YPL273W	SAM4	Hir1p	Doc
YPL273W	SAM4	Hir3p	Doc
YPL273W	SAM4	Mbf1p	Doc
YPL273W	SAM4	Mga2p	Doc
YPL273W	SAM4	Mig1p	Doc
YPL273W	SAM4	Msi1p	Doc
YPL273W	SAM4	Mss11p	Doc
YPL273W	SAM4	Mth1p	Doc
YPL273W	SAM4	Oaf1p	Doc
YPL273W	SAM4	Pho4p	Doc
YPL273W	SAM4	Pib2p	Doc
YPL273W	SAM4	Pop2p	Doc
YPL273W	SAM4	Rdr1p	Doc
YPL273W	SAM4	Ric1p	Doc
YPL273W	SAM4	Rif1p	Doc
YPL273W	SAM4	Rim101p	Doc
YPL273W	SAM4	Rlf2p	Doc
YPL273W	SAM4	Rpi1p	Doc
YPL273W	SAM4	Rsc2p	Doc
YPL273W	SAM4	Rtf1p	Doc
YPL273W	SAM4	Rtg3p	Doc
YPL273W	SAM4	Sin3p	Doc
YPL273W	SAM4	Sip4p	Doc
YPL273W	SAM4	Sir3p	Doc
YPL273W	SAM4	Spt10p	Doc
YPL273W	SAM4	Spt2p	Doc
YPL273W	SAM4	Stb4p	Doc
YPL273W	SAM4	Stp1p	Doc
YPL273W	SAM4	Stp2p	Doc
YPL273W	SAM4	Stp4p	Doc
YPL273W	SAM4	Uga3p	Doc
YPL273W	SAM4	Ume6p	Doc
YPL273W	SAM4	Wtm1p	Doc
YPL273W	SAM4	Urc2p	Doc
YPL273W	SAM4	Otu1p	Doc
YPL273W	SAM4	Nnf2p	Doc
YPL273W	SAM4	Tda9p	Doc
YPL273W	SAM4	Yrr1p	Doc
YPL273W	SAM4	Cha4p	Doc
YPL273W	SAM4	Cst6p	Doc
YPL273W	SAM4	Fkh1p	Doc
YPL273W	SAM4	Gat3p	Doc
YPL273W	SAM4	Hfi1p	Doc
YPL273W	SAM4	Snf2p	Doc
YPL273W	SAM4	Snf5p	Doc
YPL273W	SAM4	Snf6p	Doc
YPL273W	SAM4	Spt20p	Doc
YPL273W	SAM4	Swi3p	Doc
YPL273W	SAM4	Tup1p	Doc
YPL273W	SAM4	YER130C	Doc
YPL273W	SAM4	Cdc73p	Doc
YPL273W	SAM4	Gcr1p	Doc
YPL273W	SAM4	Hsf1p	Doc
YPL273W	SAM4	Rap1p	Doc
YPL273W	SAM4	Sok2p	Doc
YPL273W	SAM4	Ace2p	Doc
YPL273W	SAM4	Swi5p	Doc
YPL273W	SAM4	Ash1p	Doc
YPL273W	SAM4	Rpn4p	Doc
YPL273W	SAM4	Aft1p	Doc
YPL273W	SAM4	Cad1p	Doc
YPL273W	SAM4	Ste12p	Doc
YPL273W	SAM4	Tec1p	Doc
YPL076W	GPI2	Gcr2p	Doc
YPL076W	GPI2	Ume6p	Doc
YPL076W	GPI2	Met32p	Doc
YPL076W	GPI2	Rsc1p	Doc
YPL076W	GPI2	Sin3p	Doc
YPL076W	GPI2	Swi5p	Doc
YPL076W	GPI2	Cst6p	Doc
YPL076W	GPI2	Snf6p	Doc
YPL076W	GPI2	Tup1p	Doc
YPL076W	GPI2	Ace2p	Doc
YPL076W	GPI2	Cdc73p	Doc
YPL076W	GPI2	Cup9p	Doc
YPL076W	GPI2	Esc2p	Doc
YPL076W	GPI2	Gal11p	Doc
YPL076W	GPI2	Gal4p	Doc
YPL076W	GPI2	Hat2p	Doc
YPL076W	GPI2	Hms1p	Doc
YPL076W	GPI2	Isw1p	Doc
YPL076W	GPI2	Isw2p	Doc
YPL076W	GPI2	Pip2p	Doc
YPL076W	GPI2	Put3p	Doc
YPL076W	GPI2	Rds2p	Doc
YPL076W	GPI2	Rgt1p	Doc
YPL076W	GPI2	Spt3p	Doc
YPL076W	GPI2	Stb5p	Doc
YPL076W	GPI2	Taf14p	Doc
YPL076W	GPI2	Thi2p	Doc
YPL076W	GPI2	Tye7p	Doc
YPL076W	GPI2	Yap7p	Doc
YPL076W	GPI2	Zds1p	Doc
YPL076W	GPI2	Mig3p	Doc
YPL076W	GPI2	Yap1p	Doc
YPL076W	GPI2	Ash1p	Doc
YPL076W	GPI2	Arr1p	Doc
YPL076W	GPI2	Zap1p	Doc
YBR189W	RPS9b	Rap1p	Doc
YBR189W	RPS9b	Sfp1p	Doc
YBR189W	RPS9b	Ifh1p	Doc
YBR189W	RPS9b	Rpn4p	Doc
YBR189W	RPS9b	Gcn4p	Doc
YBR189W	RPS9b	Gln3p	Doc
YBR189W	RPS9b	Dal82p	Doc
YBR189W	RPS9b	Hap2p	Doc
YBR189W	RPS9b	Ndt80p	Doc
YBR189W	RPS9b	Sas3p	Doc
YBR189W	RPS9b	Sds3p	Doc
YBR189W	RPS9b	Sir2p	Doc
YBR189W	RPS9b	Mcm1p	Doc
YBR189W	RPS9b	Bas1p	Doc
YBR189W	RPS9b	Cbf1p	Doc
YBR189W	RPS9b	Cse2p	Doc
YBR189W	RPS9b	Gcr2p	Doc
YBR189W	RPS9b	Ixr1p	Doc
YBR189W	RPS9b	Mga2p	Doc
YBR189W	RPS9b	Mss11p	Doc
YBR189W	RPS9b	Pho2p	Doc
YBR189W	RPS9b	Pho4p	Doc
YBR189W	RPS9b	Ric1p	Doc
YBR189W	RPS9b	Rsc2p	Doc
YBR189W	RPS9b	Rtg3p	Doc
YBR189W	RPS9b	Sin3p	Doc
YBR189W	RPS9b	Spt10p	Doc
YBR189W	RPS9b	Srb2p	Doc
YBR189W	RPS9b	Swi6p	Doc
YBR189W	RPS9b	Cst6p	Doc
YBR189W	RPS9b	Hfi1p	Doc
YBR189W	RPS9b	Snf2p	Doc
YBR189W	RPS9b	Snf6p	Doc
YBR189W	RPS9b	Spt20p	Doc
YBR189W	RPS9b	Swi4p	Doc
YBR189W	RPS9b	Gcr1p	Doc
YBR189W	RPS9b	Hsf1p	Doc
YBR189W	RPS9b	Sok2p	Doc
YBR189W	RPS9b	Fkh1p	Doc
YBR189W	RPS9b	Swi5p	Doc
YBR189W	RPS9b	Ace2p	Doc
YBR189W	RPS9b	Arr1p	Doc
YBR189W	RPS9b	Aft1p	Doc
YBR189W	RPS9b	Zap1p	Doc
YPL081W	RPS9a	Rap1p	Doc
YPL081W	RPS9a	Sfp1p	Doc
YPL081W	RPS9a	Cad1p	Doc
YPL081W	RPS9a	Ifh1p	Doc
YPL081W	RPS9a	Fhl1p	Doc
YPL081W	RPS9a	Tec1p	Doc
YPL081W	RPS9a	Yap1p	Doc
YPL081W	RPS9a	Gcn4p	Doc
YPL081W	RPS9a	Gln3p	Doc
YPL081W	RPS9a	Dal82p	Doc
YPL081W	RPS9a	Sas3p	Doc
YPL081W	RPS9a	Sds3p	Doc
YPL081W	RPS9a	Sir2p	Doc
YPL081W	RPS9a	Bas1p	Doc
YPL081W	RPS9a	Cbf1p	Doc
YPL081W	RPS9a	Dig1p	Doc
YPL081W	RPS9a	Gcr2p	Doc
YPL081W	RPS9a	Mga2p	Doc
YPL081W	RPS9a	Msi1p	Doc
YPL081W	RPS9a	Mss11p	Doc
YPL081W	RPS9a	Pho4p	Doc
YPL081W	RPS9a	Ric1p	Doc
YPL081W	RPS9a	Rlf2p	Doc
YPL081W	RPS9a	Rtg3p	Doc
YPL081W	RPS9a	Sin3p	Doc
YPL081W	RPS9a	Sps18p	Doc
YPL081W	RPS9a	Spt10p	Doc
YPL081W	RPS9a	Swi6p	Doc
YPL081W	RPS9a	Cst6p	Doc
YPL081W	RPS9a	Hfi1p	Doc
YPL081W	RPS9a	Snf2p	Doc
YPL081W	RPS9a	Spt20p	Doc
YPL081W	RPS9a	Swi4p	Doc
YPL081W	RPS9a	Tup1p	Doc
YPL081W	RPS9a	Gcr1p	Doc
YPL081W	RPS9a	Hsf1p	Doc
YPL081W	RPS9a	Sok2p	Doc
YPL081W	RPS9a	Mig3p	Doc
YPL081W	RPS9a	Fkh1p	Doc
YPL081W	RPS9a	Opi1p	Doc
YPL081W	RPS9a	Msn2p	Doc
YPL081W	RPS9a	Swi5p	Doc
YPL081W	RPS9a	Ace2p	Doc
YPL081W	RPS9a	Ash1p	Doc
YPL081W	RPS9a	Msn4p	Doc
YPL081W	RPS9a	Aft1p	Doc
YPL081W	RPS9a	Thi2p	Doc
YPL081W	RPS9a	Zap1p	Doc
YAL036C	RBG1	Msn2p	Doc
YAL036C	RBG1	Msn4p	Doc
YAL036C	RBG1	Ndt80p	Doc
YAL036C	RBG1	Bas1p	Doc
YAL036C	RBG1	Cac2p	Doc
YAL036C	RBG1	Cse2p	Doc
YAL036C	RBG1	Dot5p	Doc
YAL036C	RBG1	Fkh2p	Doc
YAL036C	RBG1	Gcr2p	Doc
YAL036C	RBG1	Hap3p	Doc
YAL036C	RBG1	Pho23p	Doc
YAL036C	RBG1	Pib2p	Doc
YAL036C	RBG1	Rif1p	Doc
YAL036C	RBG1	Sfp1p	Doc
YAL036C	RBG1	Sin3p	Doc
YAL036C	RBG1	Sir3p	Doc
YAL036C	RBG1	Spt10p	Doc
YAL036C	RBG1	Tec1p	Doc
YAL036C	RBG1	Asg1p	Doc
YAL036C	RBG1	Cst6p	Doc
YAL036C	RBG1	Sin4p	Doc
YAL036C	RBG1	Snf2p	Doc
YAL036C	RBG1	Spt20p	Doc
YAL036C	RBG1	Tup1p	Doc
YAL036C	RBG1	Abf1p	Doc
YAL036C	RBG1	Gcr1p	Doc
YAL036C	RBG1	Hsf1p	Doc
YAL036C	RBG1	Mcm1p	Doc
YAL036C	RBG1	Reb1p	Doc
YAL036C	RBG1	Sok2p	Doc
YAL036C	RBG1	Swi5p	Doc
YAL036C	RBG1	Ace2p	Doc
YAL036C	RBG1	Gcn4p	Doc
YAL036C	RBG1	Stb5p	Doc
YAL036C	RBG1	Pdr1p	Doc
YAL036C	RBG1	Hac1p	Doc
YAL036C	RBG1	Rsf2p	Doc
YAL036C	RBG1	Ste12p	Doc
YKR076W	ECM4	Aft2p	Doc
YKR076W	ECM4	Msn2p	Doc
YKR076W	ECM4	Msn4p	Doc
YKR076W	ECM4	Rgt1p	Doc
YKR076W	ECM4	Yap1p	Doc
YKR076W	ECM4	Arr1p	Doc
YKR076W	ECM4	Aft1p	Doc
YKR076W	ECM4	Hsf1p	Doc
YKR076W	ECM4	Ixr1p	Doc
YKR076W	ECM4	Sok2p	Doc
YKR076W	ECM4	Gcn4p	Doc
YKR076W	ECM4	Cac2p	Doc
YKR076W	ECM4	Mal33p	Doc
YKR076W	ECM4	Mga2p	Doc
YKR076W	ECM4	Pho4p	Doc
YKR076W	ECM4	Ric1p	Doc
YKR076W	ECM4	Rlf2p	Doc
YKR076W	ECM4	Rph1p	Doc
YKR076W	ECM4	Sfp1p	Doc
YKR076W	ECM4	Sin3p	Doc
YKR076W	ECM4	Spt10p	Doc
YKR076W	ECM4	Stb2p	Doc
YKR076W	ECM4	Sum1p	Doc
YKR076W	ECM4	Swi6p	Doc
YKR076W	ECM4	Ume6p	Doc
YKR076W	ECM4	Cst6p	Doc
YKR076W	ECM4	Hfi1p	Doc
YKR076W	ECM4	Snf2p	Doc
YKR076W	ECM4	Snf5p	Doc
YKR076W	ECM4	Snf6p	Doc
YKR076W	ECM4	Spt20p	Doc
YKR076W	ECM4	Swi3p	Doc
YKR076W	ECM4	Tup1p	Doc
YKR076W	ECM4	Gln3p	Doc
YKR076W	ECM4	Hap5p	Doc
YKR076W	ECM4	Hst3p	Doc
YKR076W	ECM4	Taf14p	Doc
YKR076W	ECM4	Gcr1p	Doc
YKR076W	ECM4	Thi2p	Doc
YKR076W	ECM4	Mcm1p	Doc
YKR076W	ECM4	Mig3p	Doc
YKR076W	ECM4	Bas1p	Doc
YKR076W	ECM4	Rlm1p	Doc
YKR076W	ECM4	Flo8p	Doc
YKR076W	ECM4	Swi5p	Doc
YKR076W	ECM4	Ace2p	Doc
YKR076W	ECM4	Ash1p	Doc
YKR076W	ECM4	Yox1p	Doc
YKR076W	ECM4	Yhp1p	Doc
YKR076W	ECM4	Zap1p	Doc
YER182W	FMP10	Pdr1p	Doc
YER182W	FMP10	Set2p	Doc
YER182W	FMP10	Sir1p	Doc
YER182W	FMP10	Swi6p	Doc
YER182W	FMP10	Sok2p	Doc
YER182W	FMP10	Bas1p	Doc
YER182W	FMP10	Ace2p	Doc
YER182W	FMP10	Sut1p	Doc
YER182W	FMP10	Msn2p	Doc
YER182W	FMP10	Msn4p	Doc
YER182W	FMP10	Sfp1p	Doc
YPL247C	YPL247C	Pdr1p	Doc
YPL247C	YPL247C	Hsf1p	Doc
YPL247C	YPL247C	Stb5p	Doc
YPL247C	YPL247C	Sfp1p	Doc
YPL247C	YPL247C	Arg80p	Doc
YPL247C	YPL247C	Cbf1p	Doc
YPL247C	YPL247C	Cup2p	Doc
YPL247C	YPL247C	Haa1p	Doc
YPL247C	YPL247C	Mbf1p	Doc
YPL247C	YPL247C	Mga2p	Doc
YPL247C	YPL247C	Rds1p	Doc
YPL247C	YPL247C	Rgm1p	Doc
YPL247C	YPL247C	Rpi1p	Doc
YPL247C	YPL247C	Sif2p	Doc
YPL247C	YPL247C	Stp4p	Doc
YPL247C	YPL247C	Wtm2p	Doc
YPL247C	YPL247C	Hel2p	Doc
YPL247C	YPL247C	Yhp1p	Doc
YPL247C	YPL247C	YLR278C	Doc
YPL247C	YPL247C	YPR196W	Doc
YPL247C	YPL247C	Flo8p	Doc
YPL247C	YPL247C	YER130C	Doc
YPL247C	YPL247C	YER184C	Doc
YPL247C	YPL247C	Mcm1p	Doc
YPL247C	YPL247C	Ash1p	Doc
YPL247C	YPL247C	Pho4p	Doc
YPL247C	YPL247C	Aro80p	Doc
YPL247C	YPL247C	Cdc73p	Doc
YPL247C	YPL247C	Cin5p	Doc
YPL247C	YPL247C	Cup9p	Doc
YPL247C	YPL247C	Gal11p	Doc
YPL247C	YPL247C	Gal4p	Doc
YPL247C	YPL247C	Hat2p	Doc
YPL247C	YPL247C	Hms1p	Doc
YPL247C	YPL247C	Isw2p	Doc
YPL247C	YPL247C	Kar4p	Doc
YPL247C	YPL247C	Pip2p	Doc
YPL247C	YPL247C	Put3p	Doc
YPL247C	YPL247C	Rds2p	Doc
YPL247C	YPL247C	Spt3p	Doc
YPL247C	YPL247C	Taf14p	Doc
YPL247C	YPL247C	Tis11p	Doc
YPL247C	YPL247C	Tye7p	Doc
YPL247C	YPL247C	Yap7p	Doc
YPL247C	YPL247C	Sok2p	Doc
YPL247C	YPL247C	Msn2p	Doc
YPL247C	YPL247C	Msn4p	Doc
YPL247C	YPL247C	Bas1p	Doc
YPL247C	YPL247C	Gcn4p	Doc
YPL247C	YPL247C	Ixr1p	Doc
YPL247C	YPL247C	Fkh1p	Doc
YPL247C	YPL247C	Swi5p	Doc
YPL247C	YPL247C	Ace2p	Doc
YPL247C	YPL247C	Rox1p	Doc
YPL247C	YPL247C	Rlm1p	Doc
YPL247C	YPL247C	Tec1p	Doc
YPL247C	YPL247C	Zap1p	Doc
YDL124W	YDL124W	Aft2p	Doc
YDL124W	YDL124W	Hap1p	Doc
YDL124W	YDL124W	Msn2p	Doc
YDL124W	YDL124W	Msn4p	Doc
YDL124W	YDL124W	Pdr3p	Doc
YDL124W	YDL124W	Yap1p	Doc
YDL124W	YDL124W	Yox1p	Doc
YDL124W	YDL124W	Aft1p	Doc
YDL124W	YDL124W	Crz1p	Doc
YDL124W	YDL124W	Ecm22p	Doc
YDL124W	YDL124W	Hac1p	Doc
YDL124W	YDL124W	Rme1p	Doc
YDL124W	YDL124W	Sok2p	Doc
YDL124W	YDL124W	Pdr1p	Doc
YDL124W	YDL124W	Gcr2p	Doc
YDL124W	YDL124W	Cbf1p	Doc
YDL124W	YDL124W	Mga2p	Doc
YDL124W	YDL124W	Rds1p	Doc
YDL124W	YDL124W	Rgm1p	Doc
YDL124W	YDL124W	Ric1p	Doc
YDL124W	YDL124W	Rpn4p	Doc
YDL124W	YDL124W	Rsc1p	Doc
YDL124W	YDL124W	Sif2p	Doc
YDL124W	YDL124W	Spt10p	Doc
YDL124W	YDL124W	Zap1p	Doc
YDL124W	YDL124W	Cst6p	Doc
YDL124W	YDL124W	Flo8p	Doc
YDL124W	YDL124W	Swi4p	Doc
YDL124W	YDL124W	Hsf1p	Doc
YDL124W	YDL124W	Not3p	Doc
YDL124W	YDL124W	Sfp1p	Doc
YDL124W	YDL124W	Hfi1p	Doc
YDL124W	YDL124W	Snf5p	Doc
YDL124W	YDL124W	Spt20p	Doc
YDL124W	YDL124W	YER184C	Doc
YDL124W	YDL124W	Bas1p	Doc
YDL124W	YDL124W	Gcn4p	Doc
YDL124W	YDL124W	Pho2p	Doc
YDL124W	YDL124W	Fkh1p	Doc
YDL124W	YDL124W	Swi5p	Doc
YDL124W	YDL124W	Ace2p	Doc
YDL124W	YDL124W	Gat4p	Doc
YDL124W	YDL124W	Sut1p	Doc
YDL124W	YDL124W	Rlm1p	Doc
YDL124W	YDL124W	Gcr1p	Doc
YDL124W	YDL124W	Yhp1p	Doc
YDL124W	YDL124W	Yrm1p	Doc
YIL113W	SDP1	Leu3p	Doc
YIL113W	SDP1	Nrg1p	Doc
YIL113W	SDP1	Nrg2p	Doc
YIL113W	SDP1	Hsf1p	Doc
YIL113W	SDP1	Pdr3p	Doc
YIL113W	SDP1	Pdr1p	Doc
YIL113W	SDP1	Ste12p	Doc
YIL113W	SDP1	Sfp1p	Doc
YIL113W	SDP1	Gln3p	Doc
YIL113W	SDP1	Sin3p	Doc
YIL113W	SDP1	Gts1p	Doc
YIL113W	SDP1	Tup1p	Doc
YIL113W	SDP1	Sin4p	Doc
YIL113W	SDP1	Aro80p	Doc
YIL113W	SDP1	Cin5p	Doc
YIL113W	SDP1	Gal4p	Doc
YIL113W	SDP1	Pip2p	Doc
YIL113W	SDP1	Put3p	Doc
YIL113W	SDP1	Spt3p	Doc
YIL113W	SDP1	Mig3p	Doc
YIL113W	SDP1	Bas1p	Doc
YIL113W	SDP1	Gcn4p	Doc
YIL113W	SDP1	Rlm1p	Doc
YIL113W	SDP1	Msn2p	Doc
YIL113W	SDP1	Yap5p	Doc
YIL113W	SDP1	Ash1p	Doc
YIL113W	SDP1	Ace2p	Doc
YIL113W	SDP1	Msn4p	Doc
YIL113W	SDP1	Gis1p	Doc
YIL113W	SDP1	Arr1p	Doc
YIL113W	SDP1	Pho4p	Doc
YIL113W	SDP1	Tec1p	Doc
YDR449C	UTP6	Rpn4p	Doc
YDR449C	UTP6	Sfp1p	Doc
YDR449C	UTP6	Cad1p	Doc
YDR449C	UTP6	Adr1p	Doc
YDR449C	UTP6	Msn2p	Doc
YDR449C	UTP6	Sir3p	Doc
YDR449C	UTP6	Cst6p	Doc
YDR449C	UTP6	Snf6p	Doc
YDR449C	UTP6	Tup1p	Doc
YDR449C	UTP6	Rpd3p	Doc
YDR449C	UTP6	Tye7p	Doc
YDR449C	UTP6	Fkh1p	Doc
YDR449C	UTP6	Swi5p	Doc
YDR449C	UTP6	Ace2p	Doc
YDR449C	UTP6	Msn4p	Doc
YDR449C	UTP6	Yap1p	Doc
YDR449C	UTP6	Arr1p	Doc
YDR449C	UTP6	Pdr1p	Doc
YDR449C	UTP6	Aft1p	Doc
YDR449C	UTP6	Sok2p	Doc
YDR449C	UTP6	Yhp1p	Doc
YDR449C	UTP6	Yox1p	Doc
YDR449C	UTP6	Mig2p	Doc
YJL191W	RPS14b	Rap1p	Doc
YJL191W	RPS14b	Sfp1p	Doc
YJL191W	RPS14b	Ifh1p	Doc
YJL191W	RPS14b	Gcr1p	Doc
YJL191W	RPS14b	Cad1p	Doc
YJL191W	RPS14b	Pdr1p	Doc
YJL191W	RPS14b	Sas3p	Doc
YJL191W	RPS14b	Sds3p	Doc
YJL191W	RPS14b	Sir2p	Doc
YJL191W	RPS14b	Sir3p	Doc
YJL191W	RPS14b	Tec1p	Doc
YJL191W	RPS14b	Gts1p	Doc
YJL191W	RPS14b	Arg81p	Doc
YJL191W	RPS14b	Mga2p	Doc
YJL191W	RPS14b	Spt10p	Doc
YJL191W	RPS14b	Cst6p	Doc
YJL191W	RPS14b	Hfi1p	Doc
YJL191W	RPS14b	Snf2p	Doc
YJL191W	RPS14b	Tup1p	Doc
YJL191W	RPS14b	Ace2p	Doc
YJL191W	RPS14b	Gln3p	Doc
YJL191W	RPS14b	Uls1p	Doc
YJL191W	RPS14b	Stb5p	Doc
YJL191W	RPS14b	Taf14p	Doc
YJL191W	RPS14b	Abf1p	Doc
YJL191W	RPS14b	Hsf1p	Doc
YJL191W	RPS14b	Reb1p	Doc
YJL191W	RPS14b	Ixr1p	Doc
YJL191W	RPS14b	Bas1p	Doc
YJL191W	RPS14b	Fkh1p	Doc
YJL191W	RPS14b	Swi5p	Doc
YJL191W	RPS14b	Ash1p	Doc
YJL191W	RPS14b	Hmo1p	Doc
YJL191W	RPS14b	Hac1p	Doc
YMR093W	UTP15	Sfp1p	Doc
YMR093W	UTP15	Yap1p	Doc
YMR093W	UTP15	Stb5p	Doc
YMR093W	UTP15	Gcn4p	Doc
YMR093W	UTP15	Gln3p	Doc
YMR093W	UTP15	Ndt80p	Doc
YMR093W	UTP15	Arg80p	Doc
YMR093W	UTP15	Bas1p	Doc
YMR093W	UTP15	Cac2p	Doc
YMR093W	UTP15	Cbf1p	Doc
YMR093W	UTP15	Cse2p	Doc
YMR093W	UTP15	Cup2p	Doc
YMR093W	UTP15	Fkh2p	Doc
YMR093W	UTP15	Gcr2p	Doc
YMR093W	UTP15	Hap2p	Doc
YMR093W	UTP15	Mga2p	Doc
YMR093W	UTP15	Pho2p	Doc
YMR093W	UTP15	Pib2p	Doc
YMR093W	UTP15	Rgm1p	Doc
YMR093W	UTP15	Rlf2p	Doc
YMR093W	UTP15	Rpi1p	Doc
YMR093W	UTP15	Rpn4p	Doc
YMR093W	UTP15	Rsc2p	Doc
YMR093W	UTP15	Sas3p	Doc
YMR093W	UTP15	Sef1p	Doc
YMR093W	UTP15	Set2p	Doc
YMR093W	UTP15	Spt10p	Doc
YMR093W	UTP15	Spt4p	Doc
YMR093W	UTP15	Srb8p	Doc
YMR093W	UTP15	Swi6p	Doc
YMR093W	UTP15	Ume6p	Doc
YMR093W	UTP15	Wtm2p	Doc
YMR093W	UTP15	Rco1p	Doc
YMR093W	UTP15	Cst6p	Doc
YMR093W	UTP15	Gat3p	Doc
YMR093W	UTP15	Hfi1p	Doc
YMR093W	UTP15	Mac1p	Doc
YMR093W	UTP15	Sin4p	Doc
YMR093W	UTP15	Snf2p	Doc
YMR093W	UTP15	Snf5p	Doc
YMR093W	UTP15	Snf6p	Doc
YMR093W	UTP15	Spt20p	Doc
YMR093W	UTP15	Swi3p	Doc
YMR093W	UTP15	Swi4p	Doc
YMR093W	UTP15	Tup1p	Doc
YMR093W	UTP15	YER184C	Doc
YMR093W	UTP15	Spt3p	Doc
YMR093W	UTP15	Sok2p	Doc
YMR093W	UTP15	Ace2p	Doc
YMR093W	UTP15	Ash1p	Doc
YMR093W	UTP15	Sut1p	Doc
YMR093W	UTP15	Yhp1p	Doc
YMR093W	UTP15	Yox1p	Doc
YMR093W	UTP15	Mig2p	Doc
YEL054C	RPL12a	Rap1p	Doc
YEL054C	RPL12a	Sfp1p	Doc
YEL054C	RPL12a	Leu3p	Doc
YEL054C	RPL12a	Fhl1p	Doc
YEL054C	RPL12a	Ifh1p	Doc
YEL054C	RPL12a	Rpn4p	Doc
YEL054C	RPL12a	Gcr1p	Doc
YEL054C	RPL12a	Yap1p	Doc
YEL054C	RPL12a	Dal82p	Doc
YEL054C	RPL12a	Hap2p	Doc
YEL054C	RPL12a	Pgd1p	Doc
YEL054C	RPL12a	Sas3p	Doc
YEL054C	RPL12a	Sds3p	Doc
YEL054C	RPL12a	Sef1p	Doc
YEL054C	RPL12a	Sir2p	Doc
YEL054C	RPL12a	Gts1p	Doc
YEL054C	RPL12a	Bas1p	Doc
YEL054C	RPL12a	Cbf1p	Doc
YEL054C	RPL12a	Gcr2p	Doc
YEL054C	RPL12a	Mga2p	Doc
YEL054C	RPL12a	Pho4p	Doc
YEL054C	RPL12a	Ric1p	Doc
YEL054C	RPL12a	Spt10p	Doc
YEL054C	RPL12a	Cst6p	Doc
YEL054C	RPL12a	Hfi1p	Doc
YEL054C	RPL12a	Snf2p	Doc
YEL054C	RPL12a	Snf5p	Doc
YEL054C	RPL12a	Snf6p	Doc
YEL054C	RPL12a	Spt20p	Doc
YEL054C	RPL12a	Swi3p	Doc
YEL054C	RPL12a	Tup1p	Doc
YEL054C	RPL12a	Hsf1p	Doc
YEL054C	RPL12a	Sok2p	Doc
YEL054C	RPL12a	Fkh1p	Doc
YEL054C	RPL12a	Ace2p	Doc
YEL054C	RPL12a	Swi5p	Doc
YEL054C	RPL12a	Arr1p	Doc
YBR056W	YBR056W	Stp1p	Doc
YBR056W	YBR056W	Stp2p	Doc
YBR056W	YBR056W	Yox1p	Doc
YBR056W	YBR056W	Msn2p	Doc
YBR056W	YBR056W	Msn4p	Doc
YBR056W	YBR056W	Crz1p	Doc
YBR056W	YBR056W	Sfp1p	Doc
YBR056W	YBR056W	Cbf1p	Doc
YBR056W	YBR056W	Mga2p	Doc
YBR056W	YBR056W	Rgm1p	Doc
YBR056W	YBR056W	Ric1p	Doc
YBR056W	YBR056W	Sin3p	Doc
YBR056W	YBR056W	Cst6p	Doc
YBR056W	YBR056W	Swi4p	Doc
YBR056W	YBR056W	Aft2p	Doc
YBR056W	YBR056W	Ash1p	Doc
YBR056W	YBR056W	Dal80p	Doc
YBR056W	YBR056W	Hap4p	Doc
YBR056W	YBR056W	Hda1p	Doc
YBR056W	YBR056W	Hir3p	Doc
YBR056W	YBR056W	Hpa2p	Doc
YBR056W	YBR056W	Met18p	Doc
YBR056W	YBR056W	Met28p	Doc
YBR056W	YBR056W	Mga1p	Doc
YBR056W	YBR056W	Mig1p	Doc
YBR056W	YBR056W	Mig2p	Doc
YBR056W	YBR056W	Not3p	Doc
YBR056W	YBR056W	Nut1p	Doc
YBR056W	YBR056W	Oaf1p	Doc
YBR056W	YBR056W	Opi1p	Doc
YBR056W	YBR056W	Pho4p	Doc
YBR056W	YBR056W	Pop2p	Doc
YBR056W	YBR056W	Ppr1p	Doc
YBR056W	YBR056W	Sip4p	Doc
YBR056W	YBR056W	Sum1p	Doc
YBR056W	YBR056W	Sut1p	Doc
YBR056W	YBR056W	Sut2p	Doc
YBR056W	YBR056W	Eds1p	Doc
YBR056W	YBR056W	Ert1p	Doc
YBR056W	YBR056W	Snt2p	Doc
YBR056W	YBR056W	YGR067C	Doc
YBR056W	YBR056W	Rco1p	Doc
YBR056W	YBR056W	Snf6p	Doc
YBR056W	YBR056W	Swi3p	Doc
YBR056W	YBR056W	Tup1p	Doc
YBR056W	YBR056W	Bas1p	Doc
YBR056W	YBR056W	Ace2p	Doc
YBR056W	YBR056W	Yhp1p	Doc
YBR056W	YBR056W	Tec1p	Doc
YBR056W	YBR056W	Zap1p	Doc
YBL086C	YBL086C	Msn2p	Doc
YBL086C	YBL086C	Gcr2p	Doc
YBL086C	YBL086C	Pib2p	Doc
YBL086C	YBL086C	Sin3p	Doc
YBL086C	YBL086C	Sps18p	Doc
YBL086C	YBL086C	Rpd3p	Doc
YBL086C	YBL086C	Gcr1p	Doc
YBL086C	YBL086C	Mcm1p	Doc
YBL086C	YBL086C	Sok2p	Doc
YBL086C	YBL086C	Msn4p	Doc
YBL086C	YBL086C	Bas1p	Doc
YBL086C	YBL086C	Ace2p	Doc
YBL086C	YBL086C	Sfp1p	Doc
YBL086C	YBL086C	Cin5p	Doc
YBL086C	YBL086C	Tec1p	Doc
YKR049C	FMP46	Cad1p	Doc
YKR049C	FMP46	Rpn4p	Doc
YKR049C	FMP46	Arr1p	Doc
YKR049C	FMP46	Msn2p	Doc
YKR049C	FMP46	Pip2p	Doc
YKR049C	FMP46	Msn4p	Doc
YKR049C	FMP46	Cac2p	Doc
YKR049C	FMP46	Hap2p	Doc
YKR049C	FMP46	Mal33p	Doc
YKR049C	FMP46	Mga2p	Doc
YKR049C	FMP46	Rtf1p	Doc
YKR049C	FMP46	Sas3p	Doc
YKR049C	FMP46	Spt10p	Doc
YKR049C	FMP46	Spt4p	Doc
YKR049C	FMP46	Srb8p	Doc
YKR049C	FMP46	Tec1p	Doc
YKR049C	FMP46	Cst6p	Doc
YKR049C	FMP46	Gcn4p	Doc
YKR049C	FMP46	Isw1p	Doc
YKR049C	FMP46	Set2p	Doc
YKR049C	FMP46	Rco1p	Doc
YKR049C	FMP46	Abf1p	Doc
YKR049C	FMP46	Mcm1p	Doc
YKR049C	FMP46	Sok2p	Doc
YKR049C	FMP46	Bas1p	Doc
YKR049C	FMP46	Pho2p	Doc
YKR049C	FMP46	Ixr1p	Doc
YKR049C	FMP46	Rlm1p	Doc
YKR049C	FMP46	Swi5p	Doc
YKR049C	FMP46	Ace2p	Doc
YKR049C	FMP46	Ash1p	Doc
YKR049C	FMP46	Sfp1p	Doc
YKR049C	FMP46	Hap4p	Doc
YKR049C	FMP46	Fhl1p	Doc
YKR049C	FMP46	Ste12p	Doc
YFL002C	SPB4	Snf2p	Doc
YFL002C	SPB4	Spt20p	Doc
YFL002C	SPB4	Tup1p	Doc
YFL002C	SPB4	Hsf1p	Doc
YFL002C	SPB4	Sok2p	Doc
YFL002C	SPB4	Ace2p	Doc
YFL002C	SPB4	Gcn4p	Doc
YFL002C	SPB4	Sfp1p	Doc
YFL002C	SPB4	Yhp1p	Doc
YFL002C	SPB4	Yox1p	Doc
YCL035C	GRX1	Msn2p	Doc
YCL035C	GRX1	Msn4p	Doc
YCL035C	GRX1	Hms1p	Doc
YCL035C	GRX1	Ste12p	Doc
YCL035C	GRX1	Yap1p	Doc
YCL035C	GRX1	Sfp1p	Doc
YCL035C	GRX1	Gcr2p	Doc
YCL035C	GRX1	Hap2p	Doc
YCL035C	GRX1	Mga2p	Doc
YCL035C	GRX1	Rtf1p	Doc
YCL035C	GRX1	Sas3p	Doc
YCL035C	GRX1	Spt4p	Doc
YCL035C	GRX1	Cst6p	Doc
YCL035C	GRX1	Hfi1p	Doc
YCL035C	GRX1	Snf5p	Doc
YCL035C	GRX1	Swi3p	Doc
YCL035C	GRX1	Ace2p	Doc
YCL035C	GRX1	Cdc73p	Doc
YCL035C	GRX1	Cin5p	Doc
YCL035C	GRX1	Cup9p	Doc
YCL035C	GRX1	Esc2p	Doc
YCL035C	GRX1	Gal11p	Doc
YCL035C	GRX1	Gal4p	Doc
YCL035C	GRX1	Hat2p	Doc
YCL035C	GRX1	Isw2p	Doc
YCL035C	GRX1	Pip2p	Doc
YCL035C	GRX1	Rds2p	Doc
YCL035C	GRX1	Spt3p	Doc
YCL035C	GRX1	Taf14p	Doc
YCL035C	GRX1	Thi2p	Doc
YCL035C	GRX1	Tye7p	Doc
YCL035C	GRX1	Hsf1p	Doc
YCL035C	GRX1	Oaf1p	Doc
YCL035C	GRX1	Sin3p	Doc
YCL035C	GRX1	Stp1p	Doc
YCL035C	GRX1	Sut1p	Doc
YCL035C	GRX1	Sok2p	Doc
YCL035C	GRX1	Bas1p	Doc
YCL035C	GRX1	Ixr1p	Doc
YCL035C	GRX1	Gcn4p	Doc
YCL035C	GRX1	Ash1p	Doc
YCL035C	GRX1	Tec1p	Doc
YCL035C	GRX1	Zap1p	Doc
YDR513W	GRX2	Msn2p	Doc
YDR513W	GRX2	Msn4p	Doc
YDR513W	GRX2	Yap1p	Doc
YDR513W	GRX2	Arg80p	Doc
YDR513W	GRX2	Cup2p	Doc
YDR513W	GRX2	Haa1p	Doc
YDR513W	GRX2	Hap2p	Doc
YDR513W	GRX2	Mga2p	Doc
YDR513W	GRX2	Rgm1p	Doc
YDR513W	GRX2	Sas3p	Doc
YDR513W	GRX2	Sir2p	Doc
YDR513W	GRX2	Sir3p	Doc
YDR513W	GRX2	Spt4p	Doc
YDR513W	GRX2	Tec1p	Doc
YDR513W	GRX2	Flo8p	Doc
YDR513W	GRX2	Gat3p	Doc
YDR513W	GRX2	Hfi1p	Doc
YDR513W	GRX2	Mac1p	Doc
YDR513W	GRX2	Sin4p	Doc
YDR513W	GRX2	Spt20p	Doc
YDR513W	GRX2	Swi3p	Doc
YDR513W	GRX2	Esc2p	Doc
YDR513W	GRX2	Gal4p	Doc
YDR513W	GRX2	Isw2p	Doc
YDR513W	GRX2	Pip2p	Doc
YDR513W	GRX2	Spt3p	Doc
YDR513W	GRX2	Thi2p	Doc
YDR513W	GRX2	Tye7p	Doc
YDR513W	GRX2	Mcm1p	Doc
YDR513W	GRX2	Hir3p	Doc
YDR513W	GRX2	Pho4p	Doc
YDR513W	GRX2	Sin3p	Doc
YDR513W	GRX2	Abf1p	Doc
YDR513W	GRX2	Rap1p	Doc
YDR513W	GRX2	Sok2p	Doc
YDR513W	GRX2	Mig3p	Doc
YDR513W	GRX2	Bas1p	Doc
YDR513W	GRX2	Ixr1p	Doc
YDR513W	GRX2	Swi5p	Doc
YDR513W	GRX2	Ace2p	Doc
YDR513W	GRX2	Sfp1p	Doc
YDR513W	GRX2	Rlm1p	Doc
YDR513W	GRX2	Zap1p	Doc
YER150W	SPI1	Ino2p	Doc
YER150W	SPI1	Ino4p	Doc
YER150W	SPI1	Msn2p	Doc
YER150W	SPI1	Msn4p	Doc
YER150W	SPI1	Pdr3p	Doc
YER150W	SPI1	Rox1p	Doc
YER150W	SPI1	Sok2p	Doc
YER150W	SPI1	Crz1p	Doc
YER150W	SPI1	Hsf1p	Doc
YER150W	SPI1	Mcm1p	Doc
YER150W	SPI1	Adr1p	Doc
YER150W	SPI1	Cst6p	Doc
YER150W	SPI1	Gat4p	Doc
YER150W	SPI1	Gis1p	Doc
YER150W	SPI1	Gzf3p	Doc
YER150W	SPI1	Haa1p	Doc
YER150W	SPI1	Hap4p	Doc
YER150W	SPI1	Mbp1p	Doc
YER150W	SPI1	Met31p	Doc
YER150W	SPI1	Mga1p	Doc
YER150W	SPI1	Mig1p	Doc
YER150W	SPI1	Put3p	Doc
YER150W	SPI1	Rfx1p	Doc
YER150W	SPI1	Rgm1p	Doc
YER150W	SPI1	Rme1p	Doc
YER150W	SPI1	Skn7p	Doc
YER150W	SPI1	Stp2p	Doc
YER150W	SPI1	Yap1p	Doc
YER150W	SPI1	Sfl1p	Doc
YER150W	SPI1	Tec1p	Doc
YER150W	SPI1	Ste12p	Doc
YER150W	SPI1	Met4p	Doc
YER150W	SPI1	Sfp1p	Doc
YER150W	SPI1	Rpn4p	Doc
YER150W	SPI1	Gcr2p	Doc
YER150W	SPI1	Arg80p	Doc
YER150W	SPI1	Cbf1p	Doc
YER150W	SPI1	Cup2p	Doc
YER150W	SPI1	Hap2p	Doc
YER150W	SPI1	Mga2p	Doc
YER150W	SPI1	Rds1p	Doc
YER150W	SPI1	Rpi1p	Doc
YER150W	SPI1	Rsc1p	Doc
YER150W	SPI1	Sif2p	Doc
YER150W	SPI1	Sir2p	Doc
YER150W	SPI1	Spt2p	Doc
YER150W	SPI1	Srb8p	Doc
YER150W	SPI1	Ssn2p	Doc
YER150W	SPI1	Stp4p	Doc
YER150W	SPI1	Swi5p	Doc
YER150W	SPI1	Wtm2p	Doc
YER150W	SPI1	Hel2p	Doc
YER150W	SPI1	YLR278C	Doc
YER150W	SPI1	Yox1p	Doc
YER150W	SPI1	YPR022C	Doc
YER150W	SPI1	YPR196W	Doc
YER150W	SPI1	Flo8p	Doc
YER150W	SPI1	Mac1p	Doc
YER150W	SPI1	Sin4p	Doc
YER150W	SPI1	Swi4p	Doc
YER150W	SPI1	Tup1p	Doc
YER150W	SPI1	YER130C	Doc
YER150W	SPI1	YER184C	Doc
YER150W	SPI1	Gcr1p	Doc
YER150W	SPI1	Reb1p	Doc
YER150W	SPI1	Hfi1p	Doc
YER150W	SPI1	Abf1p	Doc
YER150W	SPI1	Mig3p	Doc
YER150W	SPI1	Bas1p	Doc
YER150W	SPI1	Gcn4p	Doc
YER150W	SPI1	Pho2p	Doc
YER150W	SPI1	Ixr1p	Doc
YER150W	SPI1	Rlm1p	Doc
YER150W	SPI1	Bdf2p	Doc
YER150W	SPI1	Cac2p	Doc
YER150W	SPI1	Opi1p	Doc
YER150W	SPI1	Phd1p	Doc
YER150W	SPI1	Ace2p	Doc
YER150W	SPI1	Ash1p	Doc
YER150W	SPI1	Sut1p	Doc
YER150W	SPI1	Upc2p	Doc
YER150W	SPI1	Xbp1p	Doc
YER150W	SPI1	Pdr1p	Doc
YER150W	SPI1	Aft2p	Doc
YER150W	SPI1	Fhl1p	Doc
YER150W	SPI1	Pho4p	Doc
YER150W	SPI1	Yrm1p	Doc
YER150W	SPI1	Zap1p	Doc
YMR196W	YMR196W	Cad1p	Doc
YMR196W	YMR196W	Rpn4p	Doc
YMR196W	YMR196W	Yap1p	Doc
YMR196W	YMR196W	Arr1p	Doc
YMR196W	YMR196W	Ecm22p	Doc
YMR196W	YMR196W	Gcn4p	Doc
YMR196W	YMR196W	Gis1p	Doc
YMR196W	YMR196W	Hsf1p	Doc
YMR196W	YMR196W	Yhp1p	Doc
YMR196W	YMR196W	Yox1p	Doc
YMR196W	YMR196W	Cin5p	Doc
YMR196W	YMR196W	Msn2p	Doc
YMR196W	YMR196W	Msn4p	Doc
YMR196W	YMR196W	Mga2p	Doc
YMR196W	YMR196W	Spt10p	Doc
YMR196W	YMR196W	Cst6p	Doc
YMR196W	YMR196W	Swi3p	Doc
YMR196W	YMR196W	Tup1p	Doc
YMR196W	YMR196W	Sas3p	Doc
YMR196W	YMR196W	Sir2p	Doc
YMR196W	YMR196W	Gts1p	Doc
YMR196W	YMR196W	Spt3p	Doc
YMR196W	YMR196W	Sok2p	Doc
YMR196W	YMR196W	Mig3p	Doc
YMR196W	YMR196W	Bas1p	Doc
YMR196W	YMR196W	Rlm1p	Doc
YMR196W	YMR196W	Swi5p	Doc
YMR196W	YMR196W	Ace2p	Doc
YMR196W	YMR196W	Hms1p	Doc
YMR196W	YMR196W	Sfp1p	Doc
YMR196W	YMR196W	Gcr1p	Doc
YMR196W	YMR196W	Fhl1p	Doc
YMR196W	YMR196W	Tec1p	Doc
YMR196W	YMR196W	Zap1p	Doc
YMR217W	GUA1	Sfp1p	Doc
YMR217W	GUA1	Abf1p	Doc
YMR217W	GUA1	Cbf1p	Doc
YMR217W	GUA1	Met4p	Doc
YMR217W	GUA1	Ndt80p	Doc
YMR217W	GUA1	Gcr2p	Doc
YMR217W	GUA1	Hap2p	Doc
YMR217W	GUA1	Hog1p	Doc
YMR217W	GUA1	Mga2p	Doc
YMR217W	GUA1	Pib2p	Doc
YMR217W	GUA1	Ric1p	Doc
YMR217W	GUA1	Sas3p	Doc
YMR217W	GUA1	Sin3p	Doc
YMR217W	GUA1	Spt10p	Doc
YMR217W	GUA1	Spt4p	Doc
YMR217W	GUA1	Swi6p	Doc
YMR217W	GUA1	Cst6p	Doc
YMR217W	GUA1	Sin4p	Doc
YMR217W	GUA1	Snf2p	Doc
YMR217W	GUA1	Snf6p	Doc
YMR217W	GUA1	Spt20p	Doc
YMR217W	GUA1	Tup1p	Doc
YMR217W	GUA1	Gcr1p	Doc
YMR217W	GUA1	Hsf1p	Doc
YMR217W	GUA1	Mcm1p	Doc
YMR217W	GUA1	Sok2p	Doc
YMR217W	GUA1	Fkh1p	Doc
YMR217W	GUA1	Ace2p	Doc
YMR217W	GUA1	Swi5p	Doc
YMR217W	GUA1	Stb5p	Doc
YMR217W	GUA1	Aft1p	Doc
YOR234C	RPL33b	Rap1p	Doc
YOR234C	RPL33b	Sfp1p	Doc
YOR234C	RPL33b	Fhl1p	Doc
YOR234C	RPL33b	Ifh1p	Doc
YOR234C	RPL33b	Rpn4p	Doc
YOR234C	RPL33b	Arr1p	Doc
YOR234C	RPL33b	Gcr1p	Doc
YOR234C	RPL33b	Met4p	Doc
YOR234C	RPL33b	Msn2p	Doc
YOR234C	RPL33b	Bdf2p	Doc
YOR234C	RPL33b	Dal82p	Doc
YOR234C	RPL33b	Haa1p	Doc
YOR234C	RPL33b	Hap2p	Doc
YOR234C	RPL33b	Msn1p	Doc
YOR234C	RPL33b	Sas3p	Doc
YOR234C	RPL33b	Sds3p	Doc
YOR234C	RPL33b	Sir2p	Doc
YOR234C	RPL33b	Spt4p	Doc
YOR234C	RPL33b	Tec1p	Doc
YOR234C	RPL33b	Gts1p	Doc
YOR234C	RPL33b	Gsm1p	Doc
YOR234C	RPL33b	Aro80p	Doc
YOR234C	RPL33b	Cin5p	Doc
YOR234C	RPL33b	Cup9p	Doc
YOR234C	RPL33b	Esc2p	Doc
YOR234C	RPL33b	Gal11p	Doc
YOR234C	RPL33b	Gal4p	Doc
YOR234C	RPL33b	Hms1p	Doc
YOR234C	RPL33b	Isw1p	Doc
YOR234C	RPL33b	Isw2p	Doc
YOR234C	RPL33b	Pip2p	Doc
YOR234C	RPL33b	Put3p	Doc
YOR234C	RPL33b	Rds2p	Doc
YOR234C	RPL33b	Uls1p	Doc
YOR234C	RPL33b	Swi5p	Doc
YOR234C	RPL33b	Taf14p	Doc
YOR234C	RPL33b	Thi2p	Doc
YOR234C	RPL33b	Tis11p	Doc
YOR234C	RPL33b	Tye7p	Doc
YOR234C	RPL33b	Yap7p	Doc
YOR234C	RPL33b	Zds1p	Doc
YOR234C	RPL33b	Bas1p	Doc
YOR234C	RPL33b	Gcr2p	Doc
YOR234C	RPL33b	Mga2p	Doc
YOR234C	RPL33b	Pho4p	Doc
YOR234C	RPL33b	Ric1p	Doc
YOR234C	RPL33b	Rlf2p	Doc
YOR234C	RPL33b	Sin3p	Doc
YOR234C	RPL33b	Spt10p	Doc
YOR234C	RPL33b	Cst6p	Doc
YOR234C	RPL33b	Hfi1p	Doc
YOR234C	RPL33b	Spt20p	Doc
YOR234C	RPL33b	Tup1p	Doc
YOR234C	RPL33b	Hsf1p	Doc
YOR234C	RPL33b	Fkh1p	Doc
YOR234C	RPL33b	Ash1p	Doc
YOR234C	RPL33b	Ace2p	Doc
YHR080C	YHR080C	Nrg1p	Doc
YHR080C	YHR080C	Nrg2p	Doc
YHR080C	YHR080C	Fkh2p	Doc
YHR080C	YHR080C	Cst6p	Doc
YHR080C	YHR080C	Cat8p	Doc
YHR080C	YHR080C	Esc2p	Doc
YHR080C	YHR080C	Isw1p	Doc
YHR080C	YHR080C	Sok2p	Doc
YHR080C	YHR080C	Msn2p	Doc
YHR080C	YHR080C	Msn4p	Doc
YHR080C	YHR080C	Ash1p	Doc
YHR080C	YHR080C	Ace2p	Doc
YHR080C	YHR080C	Sut1p	Doc
YHR080C	YHR080C	Sfp1p	Doc
YHR080C	YHR080C	Cin5p	Doc
YHR080C	YHR080C	Tec1p	Doc
YEL011W	GLC3	Sok2p	Doc
YEL011W	GLC3	Ace2p	Doc
YEL011W	GLC3	Leu3p	Doc
YEL011W	GLC3	Msn2p	Doc
YEL011W	GLC3	Msn4p	Doc
YEL011W	GLC3	Nrg1p	Doc
YEL011W	GLC3	Nrg2p	Doc
YEL011W	GLC3	Hsf1p	Doc
YEL011W	GLC3	Oaf1p	Doc
YEL011W	GLC3	Pdr1p	Doc
YEL011W	GLC3	Pip2p	Doc
YEL011W	GLC3	Aft1p	Doc
YEL011W	GLC3	Rpn4p	Doc
YEL011W	GLC3	Cbf1p	Doc
YEL011W	GLC3	Cup2p	Doc
YEL011W	GLC3	Mga2p	Doc
YEL011W	GLC3	Rgm1p	Doc
YEL011W	GLC3	Rpi1p	Doc
YEL011W	GLC3	Sin3p	Doc
YEL011W	GLC3	Spt10p	Doc
YEL011W	GLC3	Swi5p	Doc
YEL011W	GLC3	Wtm2p	Doc
YEL011W	GLC3	YLR278C	Doc
YEL011W	GLC3	Cst6p	Doc
YEL011W	GLC3	Flo8p	Doc
YEL011W	GLC3	Mac1p	Doc
YEL011W	GLC3	Swi3p	Doc
YEL011W	GLC3	Tup1p	Doc
YEL011W	GLC3	YER184C	Doc
YEL011W	GLC3	Gcr1p	Doc
YEL011W	GLC3	Mcm1p	Doc
YEL011W	GLC3	Sin4p	Doc
YEL011W	GLC3	Mig3p	Doc
YEL011W	GLC3	Ixr1p	Doc
YEL011W	GLC3	Rlm1p	Doc
YEL011W	GLC3	Bas1p	Doc
YEL011W	GLC3	Bdf2p	Doc
YEL011W	GLC3	Fkh1p	Doc
YEL011W	GLC3	Yap1p	Doc
YEL011W	GLC3	Rsc30p	Doc
YEL011W	GLC3	Arr1p	Doc
YEL011W	GLC3	Sfp1p	Doc
YEL011W	GLC3	Yox1p	Doc
YEL011W	GLC3	Yhp1p	Doc
YEL011W	GLC3	Pho4p	Doc
YEL011W	GLC3	Mig2p	Doc
YEL011W	GLC3	Zap1p	Doc
YER127W	LCP5	Ace2p	Doc
YER127W	LCP5	Sfp1p	Doc
YER127W	LCP5	Gcn4p	Doc
YER127W	LCP5	Pdr1p	Doc
YER127W	LCP5	Sin3p	Doc
YER127W	LCP5	Mcm1p	Doc
YER127W	LCP5	Rap1p	Doc
YER127W	LCP5	Mbf1p	Doc
YER127W	LCP5	YLR278C	Doc
YER127W	LCP5	YPR196W	Doc
YER127W	LCP5	Cst6p	Doc
YER127W	LCP5	Hfi1p	Doc
YER127W	LCP5	Snf2p	Doc
YER127W	LCP5	Snf5p	Doc
YER127W	LCP5	Snf6p	Doc
YER127W	LCP5	Spt20p	Doc
YER127W	LCP5	Swi3p	Doc
YER127W	LCP5	Tup1p	Doc
YER127W	LCP5	Mig3p	Doc
YER127W	LCP5	Swi5p	Doc
YER127W	LCP5	Ash1p	Doc
YER127W	LCP5	Stb5p	Doc
YER127W	LCP5	Msn2p	Doc
YER127W	LCP5	Aft1p	Doc
YER127W	LCP5	Msn4p	Doc
YER127W	LCP5	Yhp1p	Doc
YER127W	LCP5	Yox1p	Doc
YHL024W	RIM4	Msn2p	Doc
YHL024W	RIM4	Msn4p	Doc
YHL024W	RIM4	Ume6p	Doc
YHL024W	RIM4	Hsf1p	Doc
YHL024W	RIM4	Swi4p	Doc
YHL024W	RIM4	Fhl1p	Doc
YHL024W	RIM4	Sfp1p	Doc
YHL024W	RIM4	Rpn4p	Doc
YHL024W	RIM4	Sin3p	Doc
YHL024W	RIM4	Spt10p	Doc
YHL024W	RIM4	Ash1p	Doc
YHL024W	RIM4	Cse2p	Doc
YHL024W	RIM4	Srb2p	Doc
YHL024W	RIM4	Sin4p	Doc
YHL024W	RIM4	Snf5p	Doc
YHL024W	RIM4	Snf6p	Doc
YHL024W	RIM4	Tup1p	Doc
YHL024W	RIM4	Isw2p	Doc
YHL024W	RIM4	Bas1p	Doc
YHL024W	RIM4	Mig3p	Doc
YHL024W	RIM4	Cac2p	Doc
YHL024W	RIM4	Yap1p	Doc
YHL024W	RIM4	Ace2p	Doc
YHL024W	RIM4	Abf1p	Doc
YHL024W	RIM4	Yrm1p	Doc
YPL211W	NIP7	Sfp1p	Doc
YPL211W	NIP7	Tye7p	Doc
YPL211W	NIP7	Aft1p	Doc
YPL211W	NIP7	Pdr1p	Doc
YPL211W	NIP7	Gcn4p	Doc
YPL211W	NIP7	Gln3p	Doc
YPL211W	NIP7	Ada2p	Doc
YPL211W	NIP7	Aft2p	Doc
YPL211W	NIP7	Arg81p	Doc
YPL211W	NIP7	Bdf2p	Doc
YPL211W	NIP7	Cad1p	Doc
YPL211W	NIP7	Dal82p	Doc
YPL211W	NIP7	Hap2p	Doc
YPL211W	NIP7	Msn1p	Doc
YPL211W	NIP7	Nut1p	Doc
YPL211W	NIP7	Sas3p	Doc
YPL211W	NIP7	Sds3p	Doc
YPL211W	NIP7	Sif2p	Doc
YPL211W	NIP7	Sir2p	Doc
YPL211W	NIP7	Spt4p	Doc
YPL211W	NIP7	Yap5p	Doc
YPL211W	NIP7	Vms1p	Doc
YPL211W	NIP7	Gts1p	Doc
YPL211W	NIP7	Sin4p	Doc
YPL211W	NIP7	Cin5p	Doc
YPL211W	NIP7	Cup9p	Doc
YPL211W	NIP7	Gal11p	Doc
YPL211W	NIP7	Gal4p	Doc
YPL211W	NIP7	Hms1p	Doc
YPL211W	NIP7	Isw2p	Doc
YPL211W	NIP7	Pip2p	Doc
YPL211W	NIP7	Yap7p	Doc
YPL211W	NIP7	Mga2p	Doc
YPL211W	NIP7	Spt10p	Doc
YPL211W	NIP7	Cst6p	Doc
YPL211W	NIP7	Hsf1p	Doc
YPL211W	NIP7	Sok2p	Doc
YPL211W	NIP7	Fkh1p	Doc
YPL211W	NIP7	Swi5p	Doc
YPL211W	NIP7	Ace2p	Doc
YPL211W	NIP7	Stb5p	Doc
YPL211W	NIP7	Met31p	Doc
YPL211W	NIP7	Msn2p	Doc
YPL211W	NIP7	Msn4p	Doc
YPL211W	NIP7	Rlm1p	Doc
YPL211W	NIP7	Hap1p	Doc
YPL211W	NIP7	Tec1p	Doc
YER006W	NUG1	Sfp1p	Doc
YER006W	NUG1	Pdr1p	Doc
YER006W	NUG1	Msn2p	Doc
YER006W	NUG1	Sin3p	Doc
YER006W	NUG1	Swi6p	Doc
YER006W	NUG1	Rap1p	Doc
YER006W	NUG1	Reb1p	Doc
YER006W	NUG1	Pib2p	Doc
YER006W	NUG1	Tec1p	Doc
YER006W	NUG1	Cst6p	Doc
YER006W	NUG1	Hfi1p	Doc
YER006W	NUG1	Sin4p	Doc
YER006W	NUG1	Snf2p	Doc
YER006W	NUG1	Snf6p	Doc
YER006W	NUG1	Spt20p	Doc
YER006W	NUG1	Tup1p	Doc
YER006W	NUG1	Abf1p	Doc
YER006W	NUG1	Ace2p	Doc
YER006W	NUG1	Yox1p	Doc
YER006W	NUG1	Arr1p	Doc
YER006W	NUG1	Rpn4p	Doc
YER006W	NUG1	Aft1p	Doc
YER006W	NUG1	Rlm1p	Doc
YER006W	NUG1	Sok2p	Doc
YER006W	NUG1	Yhp1p	Doc
YDR074W	TPS2	Msn2p	Doc
YDR074W	TPS2	Msn4p	Doc
YDR074W	TPS2	Yap1p	Doc
YDR074W	TPS2	Crz1p	Doc
YDR074W	TPS2	Cst6p	Doc
YDR074W	TPS2	Pdr1p	Doc
YDR074W	TPS2	Sok2p	Doc
YDR074W	TPS2	Met4p	Doc
YDR074W	TPS2	Pdr3p	Doc
YDR074W	TPS2	Gcr2p	Doc
YDR074W	TPS2	Arg80p	Doc
YDR074W	TPS2	Cbf1p	Doc
YDR074W	TPS2	Cup2p	Doc
YDR074W	TPS2	Haa1p	Doc
YDR074W	TPS2	Mga2p	Doc
YDR074W	TPS2	Rds1p	Doc
YDR074W	TPS2	Rgm1p	Doc
YDR074W	TPS2	Rpi1p	Doc
YDR074W	TPS2	Ssn2p	Doc
YDR074W	TPS2	Wtm2p	Doc
YDR074W	TPS2	Hel2p	Doc
YDR074W	TPS2	Yhp1p	Doc
YDR074W	TPS2	YLR278C	Doc
YDR074W	TPS2	YPR196W	Doc
YDR074W	TPS2	Flo8p	Doc
YDR074W	TPS2	YER130C	Doc
YDR074W	TPS2	YER184C	Doc
YDR074W	TPS2	Mcm1p	Doc
YDR074W	TPS2	Gts1p	Doc
YDR074W	TPS2	Sin4p	Doc
YDR074W	TPS2	Snf6p	Doc
YDR074W	TPS2	Spt20p	Doc
YDR074W	TPS2	Gal4p	Doc
YDR074W	TPS2	Gcn4p	Doc
YDR074W	TPS2	Hms1p	Doc
YDR074W	TPS2	Pip2p	Doc
YDR074W	TPS2	Yap7p	Doc
YDR074W	TPS2	Rpn4p	Doc
YDR074W	TPS2	Bas1p	Doc
YDR074W	TPS2	Ixr1p	Doc
YDR074W	TPS2	Ask10p	Doc
YDR074W	TPS2	Fkh1p	Doc
YDR074W	TPS2	Swi5p	Doc
YDR074W	TPS2	Ace2p	Doc
YDR074W	TPS2	Ash1p	Doc
YDR074W	TPS2	YPR015C	Doc
YDR074W	TPS2	Arr1p	Doc
YDR074W	TPS2	Sfp1p	Doc
YDR074W	TPS2	Cin5p	Doc
YDR074W	TPS2	Rlm1p	Doc
YDR074W	TPS2	Hac1p	Doc
YDR074W	TPS2	Yox1p	Doc
YDR074W	TPS2	Pho4p	Doc
YDR074W	TPS2	Zap1p	Doc
YOL084W	PHM7	Crz1p	Doc
YOL084W	PHM7	Msn2p	Doc
YOL084W	PHM7	Msn4p	Doc
YOL084W	PHM7	Zap1p	Doc
YOL084W	PHM7	Rpn4p	Doc
YOL084W	PHM7	Arr1p	Doc
YOL084W	PHM7	Cst6p	Doc
YOL084W	PHM7	Gat3p	Doc
YOL084W	PHM7	Gat4p	Doc
YOL084W	PHM7	Gis1p	Doc
YOL084W	PHM7	Mig1p	Doc
YOL084W	PHM7	Mot3p	Doc
YOL084W	PHM7	Rme1p	Doc
YOL084W	PHM7	Rox1p	Doc
YOL084W	PHM7	Sok2p	Doc
YOL084W	PHM7	Stp2p	Doc
YOL084W	PHM7	Xbp1p	Doc
YOL084W	PHM7	Tec1p	Doc
YOL084W	PHM7	Aft1p	Doc
YOL084W	PHM7	Cin5p	Doc
YOL084W	PHM7	Oaf1p	Doc
YOL084W	PHM7	Pdr1p	Doc
YOL084W	PHM7	Haa1p	Doc
YOL084W	PHM7	Mga2p	Doc
YOL084W	PHM7	Not3p	Doc
YOL084W	PHM7	Pop2p	Doc
YOL084W	PHM7	Sin3p	Doc
YOL084W	PHM7	Sut1p	Doc
YOL084W	PHM7	Tbs1p	Doc
YOL084W	PHM7	Ume6p	Doc
YOL084W	PHM7	Rgt1p	Doc
YOL084W	PHM7	Rtt107p	Doc
YOL084W	PHM7	Mig3p	Doc
YOL084W	PHM7	Bas1p	Doc
YOL084W	PHM7	Gcn4p	Doc
YOL084W	PHM7	Ixr1p	Doc
YOL084W	PHM7	Rlm1p	Doc
YOL084W	PHM7	Swi5p	Doc
YOL084W	PHM7	Ace2p	Doc
YOL084W	PHM7	Yox1p	Doc
YOL084W	PHM7	Met31p	Doc
YOL084W	PHM7	Pdr3p	Doc
YOL084W	PHM7	Leu3p	Doc
YOL084W	PHM7	Sfp1p	Doc
YOL084W	PHM7	Pho4p	Doc
YOR042W	CUE5	Arr1p	Doc
YOR042W	CUE5	Sfp1p	Doc
YOR042W	CUE5	Cst6p	Doc
YOR042W	CUE5	Sin4p	Doc
YOR042W	CUE5	Snf2p	Doc
YOR042W	CUE5	Tup1p	Doc
YOR042W	CUE5	Aft2p	Doc
YOR042W	CUE5	Hda1p	Doc
YOR042W	CUE5	Met28p	Doc
YOR042W	CUE5	Pho2p	Doc
YOR042W	CUE5	Spt10p	Doc
YOR042W	CUE5	YLR278C	Doc
YOR042W	CUE5	Rco1p	Doc
YOR042W	CUE5	Abf1p	Doc
YDR273W	DON1	Msn2p	Doc
YDR273W	DON1	Msn4p	Doc
YDR273W	DON1	Hst1p	Doc
YDR273W	DON1	Sum1p	Doc
YDR273W	DON1	Hsf1p	Doc
YDR273W	DON1	Mcm1p	Doc
YDR273W	DON1	Gcn4p	Doc
YDR273W	DON1	Spt3p	Doc
YDR273W	DON1	Sok2p	Doc
YDR273W	DON1	Bas1p	Doc
YDR273W	DON1	Ace2p	Doc
YDR273W	DON1	Rap1p	Doc
YDR273W	DON1	Skn7p	Doc
YDR273W	DON1	Tec1p	Doc
YDR273W	DON1	Ste12p	Doc
YJL163C	YJL163C	Rpn4p	Doc
YJL163C	YJL163C	Arr1p	Doc
YJL163C	YJL163C	Gat3p	Doc
YJL163C	YJL163C	Gat4p	Doc
YJL163C	YJL163C	Mot3p	Doc
YJL163C	YJL163C	Sok2p	Doc
YJL163C	YJL163C	Ste12p	Doc
YJL163C	YJL163C	Pdr3p	Doc
YJL163C	YJL163C	Pdr1p	Doc
YJL163C	YJL163C	Gis1p	Doc
YJL163C	YJL163C	Msn2p	Doc
YJL163C	YJL163C	Msn4p	Doc
YJL163C	YJL163C	Mig3p	Doc
YJL163C	YJL163C	Bas1p	Doc
YJL163C	YJL163C	Gcn4p	Doc
YJL163C	YJL163C	Pho2p	Doc
YJL163C	YJL163C	Crz1p	Doc
YJL163C	YJL163C	Sfp1p	Doc
YJL163C	YJL163C	Cin5p	Doc
YJL163C	YJL163C	Yrm1p	Doc
YJL163C	YJL163C	Yrr1p	Doc
YJL163C	YJL163C	Tec1p	Doc
YJL163C	YJL163C	Zap1p	Doc
YPL123C	RNY1	Sok2p	Doc
YPL123C	RNY1	Msn2p	Doc
YPL123C	RNY1	Msn4p	Doc
YPL123C	RNY1	Stb5p	Doc
YPL123C	RNY1	Rpn4p	Doc
YPL123C	RNY1	Mga2p	Doc
YPL123C	RNY1	Rph1p	Doc
YPL123C	RNY1	Sin3p	Doc
YPL123C	RNY1	Cst6p	Doc
YPL123C	RNY1	Snf2p	Doc
YPL123C	RNY1	Tup1p	Doc
YPL123C	RNY1	Bas1p	Doc
YPL123C	RNY1	Ixr1p	Doc
YPL123C	RNY1	Rlm1p	Doc
YPL123C	RNY1	Swi5p	Doc
YPL123C	RNY1	Ace2p	Doc
YPL123C	RNY1	Ash1p	Doc
YPL123C	RNY1	Sfp1p	Doc
YPL123C	RNY1	Tec1p	Doc
YPL123C	RNY1	Ste12p	Doc
YPL123C	RNY1	Zap1p	Doc
YML004C	GLO1	Msn2p	Doc
YML004C	GLO1	Msn4p	Doc
YML004C	GLO1	Sok2p	Doc
YML004C	GLO1	Ace2p	Doc
YML004C	GLO1	Met4p	Doc
YML004C	GLO1	Oaf1p	Doc
YML004C	GLO1	Mga2p	Doc
YML004C	GLO1	Cst6p	Doc
YML004C	GLO1	Hfi1p	Doc
YML004C	GLO1	Sin4p	Doc
YML004C	GLO1	Snf2p	Doc
YML004C	GLO1	Snf5p	Doc
YML004C	GLO1	Spt20p	Doc
YML004C	GLO1	Spt3p	Doc
YML004C	GLO1	Mcm1p	Doc
YML004C	GLO1	Aft2p	Doc
YML004C	GLO1	Arr1p	Doc
YML004C	GLO1	Ask10p	Doc
YML004C	GLO1	Bas1p	Doc
YML004C	GLO1	Hda1p	Doc
YML004C	GLO1	Hir3p	Doc
YML004C	GLO1	Mga1p	Doc
YML004C	GLO1	Mig2p	Doc
YML004C	GLO1	Pdr3p	Doc
YML004C	GLO1	Rlf2p	Doc
YML004C	GLO1	Rme1p	Doc
YML004C	GLO1	Rpn4p	Doc
YML004C	GLO1	Sin3p	Doc
YML004C	GLO1	Spt10p	Doc
YML004C	GLO1	Crz1p	Doc
YML004C	GLO1	Ixr1p	Doc
YML004C	GLO1	Ash1p	Doc
YML004C	GLO1	Abf1p	Doc
YML004C	GLO1	Sfp1p	Doc
YML004C	GLO1	Rlm1p	Doc
YML004C	GLO1	Hap4p	Doc
YML004C	GLO1	Zap1p	Doc
YHR104W	GRE3	Msn2p	Doc
YHR104W	GRE3	Msn4p	Doc
YHR104W	GRE3	Hsf1p	Doc
YHR104W	GRE3	Cst6p	Doc
YHR104W	GRE3	Mga1p	Doc
YHR104W	GRE3	Sok2p	Doc
YHR104W	GRE3	Yap1p	Doc
YHR104W	GRE3	Met4p	Doc
YHR104W	GRE3	Pdr3p	Doc
YHR104W	GRE3	Gcn4p	Doc
YHR104W	GRE3	Rpn4p	Doc
YHR104W	GRE3	Pdr1p	Doc
YHR104W	GRE3	Gcr2p	Doc
YHR104W	GRE3	Cbf1p	Doc
YHR104W	GRE3	Mga2p	Doc
YHR104W	GRE3	Ric1p	Doc
YHR104W	GRE3	Flo8p	Doc
YHR104W	GRE3	Swi4p	Doc
YHR104W	GRE3	YER184C	Doc
YHR104W	GRE3	Hog1p	Doc
YHR104W	GRE3	Met31p	Doc
YHR104W	GRE3	Mig1p	Doc
YHR104W	GRE3	Sfp1p	Doc
YHR104W	GRE3	Rco1p	Doc
YHR104W	GRE3	Abf1p	Doc
YHR104W	GRE3	Bas1p	Doc
YHR104W	GRE3	Fkh1p	Doc
YHR104W	GRE3	Ash1p	Doc
YHR104W	GRE3	Ace2p	Doc
YHR104W	GRE3	Put3p	Doc
YHR104W	GRE3	Rlm1p	Doc
YHR104W	GRE3	Yox1p	Doc
YHR104W	GRE3	Yhp1p	Doc
YHR104W	GRE3	Hap1p	Doc
YHR104W	GRE3	Tec1p	Doc
YHR104W	GRE3	Zap1p	Doc
YKL151C	YKL151C	Ace2p	Doc
YKL151C	YKL151C	Msn2p	Doc
YKL151C	YKL151C	Msn4p	Doc
YKL151C	YKL151C	Rap1p	Doc
YKL151C	YKL151C	Yap1p	Doc
YKL151C	YKL151C	Swi4p	Doc
YKL151C	YKL151C	Aft1p	Doc
YKL151C	YKL151C	Rpn4p	Doc
YKL151C	YKL151C	Pdr1p	Doc
YKL151C	YKL151C	Gcr2p	Doc
YKL151C	YKL151C	Cup2p	Doc
YKL151C	YKL151C	Haa1p	Doc
YKL151C	YKL151C	Hap2p	Doc
YKL151C	YKL151C	Mal33p	Doc
YKL151C	YKL151C	Mga2p	Doc
YKL151C	YKL151C	Rtf1p	Doc
YKL151C	YKL151C	Sas3p	Doc
YKL151C	YKL151C	Sin3p	Doc
YKL151C	YKL151C	Sir2p	Doc
YKL151C	YKL151C	Spt4p	Doc
YKL151C	YKL151C	Srb8p	Doc
YKL151C	YKL151C	Cst6p	Doc
YKL151C	YKL151C	Gcr1p	Doc
YKL151C	YKL151C	Hsf1p	Doc
YKL151C	YKL151C	Hog1p	Doc
YKL151C	YKL151C	Sum1p	Doc
YKL151C	YKL151C	Tup1p	Doc
YKL151C	YKL151C	Sok2p	Doc
YKL151C	YKL151C	Bas1p	Doc
YKL151C	YKL151C	Gcn4p	Doc
YKL151C	YKL151C	Swi5p	Doc
YKL151C	YKL151C	Ash1p	Doc
YKL151C	YKL151C	Ino2p	Doc
YKL151C	YKL151C	Put3p	Doc
YKL151C	YKL151C	Stp2p	Doc
YKL151C	YKL151C	Arr1p	Doc
YKL151C	YKL151C	Stb5p	Doc
YKL151C	YKL151C	Sfp1p	Doc
YKL151C	YKL151C	Cin5p	Doc
YKL151C	YKL151C	Rlm1p	Doc
YKL151C	YKL151C	Pdr3p	Doc
YKL151C	YKL151C	Hap1p	Doc
YKL151C	YKL151C	Zap1p	Doc
YOR374W	ALD4	Hsf1p	Doc
YOR374W	ALD4	Msn2p	Doc
YOR374W	ALD4	Msn4p	Doc
YOR374W	ALD4	War1p	Doc
YOR374W	ALD4	Adr1p	Doc
YOR374W	ALD4	Yap1p	Doc
YOR374W	ALD4	Nrg1p	Doc
YOR374W	ALD4	Nrg2p	Doc
YOR374W	ALD4	Cst6p	Doc
YOR374W	ALD4	Rgm1p	Doc
YOR374W	ALD4	Rme1p	Doc
YOR374W	ALD4	Sok2p	Doc
YOR374W	ALD4	Xbp1p	Doc
YOR374W	ALD4	Aft1p	Doc
YOR374W	ALD4	Met4p	Doc
YOR374W	ALD4	Pdr1p	Doc
YOR374W	ALD4	Rap1p	Doc
YOR374W	ALD4	Hap4p	Doc
YOR374W	ALD4	Crz1p	Doc
YOR374W	ALD4	Pdr3p	Doc
YOR374W	ALD4	Rpn4p	Doc
YOR374W	ALD4	Gcr2p	Doc
YOR374W	ALD4	Cac2p	Doc
YOR374W	ALD4	Cse2p	Doc
YOR374W	ALD4	Hap3p	Doc
YOR374W	ALD4	Ixr1p	Doc
YOR374W	ALD4	Mds3p	Doc
YOR374W	ALD4	Mga2p	Doc
YOR374W	ALD4	Pop2p	Doc
YOR374W	ALD4	Ric1p	Doc
YOR374W	ALD4	Rsc1p	Doc
YOR374W	ALD4	Rsc2p	Doc
YOR374W	ALD4	Rtg3p	Doc
YOR374W	ALD4	Set2p	Doc
YOR374W	ALD4	Sfp1p	Doc
YOR374W	ALD4	Sin3p	Doc
YOR374W	ALD4	Spt10p	Doc
YOR374W	ALD4	Srb2p	Doc
YOR374W	ALD4	Ume6p	Doc
YOR374W	ALD4	Gat3p	Doc
YOR374W	ALD4	Snf2p	Doc
YOR374W	ALD4	Snf5p	Doc
YOR374W	ALD4	Swi3p	Doc
YOR374W	ALD4	Tup1p	Doc
YOR374W	ALD4	Gcr1p	Doc
YOR374W	ALD4	Bdf2p	Doc
YOR374W	ALD4	Hir3p	Doc
YOR374W	ALD4	Nut1p	Doc
YOR374W	ALD4	Smk1p	Doc
YOR374W	ALD4	Sut2p	Doc
YOR374W	ALD4	Nsi1p	Doc
YOR374W	ALD4	Gts1p	Doc
YOR374W	ALD4	Sin4p	Doc
YOR374W	ALD4	Spt20p	Doc
YOR374W	ALD4	Abf1p	Doc
YOR374W	ALD4	Bas1p	Doc
YOR374W	ALD4	Mig3p	Doc
YOR374W	ALD4	Rlm1p	Doc
YOR374W	ALD4	Swi5p	Doc
YOR374W	ALD4	Ash1p	Doc
YOR374W	ALD4	Ace2p	Doc
YOR374W	ALD4	Yox1p	Doc
YOR374W	ALD4	Yhp1p	Doc
YOR374W	ALD4	Hap1p	Doc
YOR374W	ALD4	Ste12p	Doc
YOR374W	ALD4	Tec1p	Doc
YOR374W	ALD4	Zap1p	Doc
YJL141C	YAK1	Msn2p	Doc
YJL141C	YAK1	Msn4p	Doc
YJL141C	YAK1	Oaf1p	Doc
YJL141C	YAK1	Rpn4p	Doc
YJL141C	YAK1	Cbf1p	Doc
YJL141C	YAK1	Gcr2p	Doc
YJL141C	YAK1	Opi1p	Doc
YJL141C	YAK1	Ssn2p	Doc
YJL141C	YAK1	Mcm1p	Doc
YJL141C	YAK1	Hst4p	Doc
YJL141C	YAK1	Tup1p	Doc
YJL141C	YAK1	Aro80p	Doc
YJL141C	YAK1	Cin5p	Doc
YJL141C	YAK1	Esc2p	Doc
YJL141C	YAK1	Gal11p	Doc
YJL141C	YAK1	Gal4p	Doc
YJL141C	YAK1	Gcn4p	Doc
YJL141C	YAK1	Hms1p	Doc
YJL141C	YAK1	Isw1p	Doc
YJL141C	YAK1	Isw2p	Doc
YJL141C	YAK1	Pip2p	Doc
YJL141C	YAK1	Rds2p	Doc
YJL141C	YAK1	Rpd3p	Doc
YJL141C	YAK1	Spt3p	Doc
YJL141C	YAK1	Tye7p	Doc
YJL141C	YAK1	Yap7p	Doc
YJL141C	YAK1	Sok2p	Doc
YJL141C	YAK1	Bas1p	Doc
YJL141C	YAK1	Ixr1p	Doc
YJL141C	YAK1	Swi5p	Doc
YJL141C	YAK1	Ace2p	Doc
YJL141C	YAK1	Arr1p	Doc
YJL141C	YAK1	Sfp1p	Doc
YJL141C	YAK1	Pho4p	Doc
YJL141C	YAK1	Tec1p	Doc
YJL141C	YAK1	Zap1p	Doc
YDR471W	RPL27b	Rap1p	Doc
YDR471W	RPL27b	Sfp1p	Doc
YDR471W	RPL27b	Fhl1p	Doc
YDR471W	RPL27b	Ifh1p	Doc
YDR471W	RPL27b	Rpn4p	Doc
YDR471W	RPL27b	Gcr1p	Doc
YDR471W	RPL27b	Hms1p	Doc
YDR471W	RPL27b	Msn2p	Doc
YDR471W	RPL27b	Hap2p	Doc
YDR471W	RPL27b	Sas3p	Doc
YDR471W	RPL27b	Sds3p	Doc
YDR471W	RPL27b	Sir2p	Doc
YDR471W	RPL27b	Cin5p	Doc
YDR471W	RPL27b	Cup9p	Doc
YDR471W	RPL27b	Esc2p	Doc
YDR471W	RPL27b	Gal11p	Doc
YDR471W	RPL27b	Gal4p	Doc
YDR471W	RPL27b	Hat2p	Doc
YDR471W	RPL27b	Isw2p	Doc
YDR471W	RPL27b	Kar4p	Doc
YDR471W	RPL27b	Pip2p	Doc
YDR471W	RPL27b	Put3p	Doc
YDR471W	RPL27b	Rds2p	Doc
YDR471W	RPL27b	Rgt1p	Doc
YDR471W	RPL27b	Thi2p	Doc
YDR471W	RPL27b	Tis11p	Doc
YDR471W	RPL27b	Tye7p	Doc
YDR471W	RPL27b	Yap7p	Doc
YDR471W	RPL27b	Zds1p	Doc
YDR471W	RPL27b	Bas1p	Doc
YDR471W	RPL27b	Mga2p	Doc
YDR471W	RPL27b	Sin3p	Doc
YDR471W	RPL27b	Spt10p	Doc
YDR471W	RPL27b	Otu1p	Doc
YDR471W	RPL27b	Cst6p	Doc
YDR471W	RPL27b	Hfi1p	Doc
YDR471W	RPL27b	Snf2p	Doc
YDR471W	RPL27b	Spt20p	Doc
YDR471W	RPL27b	Hsf1p	Doc
YDR471W	RPL27b	Mig3p	Doc
YDR471W	RPL27b	Fkh1p	Doc
YDR471W	RPL27b	Gcn4p	Doc
YDR471W	RPL27b	Swi5p	Doc
YDR471W	RPL27b	Ace2p	Doc
YDR471W	RPL27b	Arr1p	Doc
YDR471W	RPL27b	Cbf1p	Doc
YDR471W	RPL27b	Msn4p	Doc
YDR471W	RPL27b	Pho4p	Doc
YIL097W	FYV10	Arr1p	Doc
YIL097W	FYV10	Sfp1p	Doc
YIL097W	FYV10	Msn2p	Doc
YIL097W	FYV10	Msn4p	Doc
YIL097W	FYV10	Pdr3p	Doc
YIL097W	FYV10	Hsf1p	Doc
YIL097W	FYV10	Mcm1p	Doc
YIL097W	FYV10	Smp1p	Doc
YIL097W	FYV10	Sok2p	Doc
YIL097W	FYV10	Bas1p	Doc
YIL097W	FYV10	Gcn4p	Doc
YIL097W	FYV10	Rlm1p	Doc
YIL097W	FYV10	Swi5p	Doc
YIL097W	FYV10	Ace2p	Doc
YIL097W	FYV10	Rpn4p	Doc
YIL097W	FYV10	Tec1p	Doc
YIL097W	FYV10	Ste12p	Doc
YIL097W	FYV10	Zap1p	Doc
YMR090W	YMR090W	Msn2p	Doc
YMR090W	YMR090W	Msn4p	Doc
YMR090W	YMR090W	War1p	Doc
YMR090W	YMR090W	Yap1p	Doc
YMR090W	YMR090W	Abf1p	Doc
YMR090W	YMR090W	Sfp1p	Doc
YMR090W	YMR090W	Rpn4p	Doc
YMR090W	YMR090W	Cac2p	Doc
YMR090W	YMR090W	Cbf1p	Doc
YMR090W	YMR090W	Ixr1p	Doc
YMR090W	YMR090W	Mga2p	Doc
YMR090W	YMR090W	Ric1p	Doc
YMR090W	YMR090W	Rlf2p	Doc
YMR090W	YMR090W	Rsc2p	Doc
YMR090W	YMR090W	Set2p	Doc
YMR090W	YMR090W	Sin3p	Doc
YMR090W	YMR090W	Spt10p	Doc
YMR090W	YMR090W	Srb8p	Doc
YMR090W	YMR090W	Ssn2p	Doc
YMR090W	YMR090W	Rco1p	Doc
YMR090W	YMR090W	Cst6p	Doc
YMR090W	YMR090W	Sin4p	Doc
YMR090W	YMR090W	Snf2p	Doc
YMR090W	YMR090W	Swi3p	Doc
YMR090W	YMR090W	Tup1p	Doc
YMR090W	YMR090W	Cdc73p	Doc
YMR090W	YMR090W	Esc2p	Doc
YMR090W	YMR090W	Isw1p	Doc
YMR090W	YMR090W	Gcr1p	Doc
YMR090W	YMR090W	Hsf1p	Doc
YMR090W	YMR090W	Mcm1p	Doc
YMR090W	YMR090W	Reb1p	Doc
YMR090W	YMR090W	Pho23p	Doc
YMR090W	YMR090W	Sok2p	Doc
YMR090W	YMR090W	Mig3p	Doc
YMR090W	YMR090W	Bas1p	Doc
YMR090W	YMR090W	Gcn4p	Doc
YMR090W	YMR090W	Swi5p	Doc
YMR090W	YMR090W	Ace2p	Doc
YMR090W	YMR090W	Ash1p	Doc
YMR090W	YMR090W	Rlm1p	Doc
YMR090W	YMR090W	Hac1p	Doc
YMR090W	YMR090W	Tec1p	Doc
YMR090W	YMR090W	Zap1p	Doc
YCR083W	TRX3	Msn2p	Doc
YCR083W	TRX3	Msn4p	Doc
YCR083W	TRX3	Rtf1p	Doc
YCR083W	TRX3	Cst6p	Doc
YCR083W	TRX3	Hfi1p	Doc
YCR083W	TRX3	Spt20p	Doc
YCR083W	TRX3	Swi3p	Doc
YCR083W	TRX3	Rpn4p	Doc
YCR083W	TRX3	Tec1p	Doc
YCR083W	TRX3	YER184C	Doc
YCR083W	TRX3	Sok2p	Doc
YCR083W	TRX3	Bas1p	Doc
YCR083W	TRX3	Pho2p	Doc
YCR083W	TRX3	Ace2p	Doc
YCR083W	TRX3	Sfp1p	Doc
YCR083W	TRX3	Fhl1p	Doc
YER142C	MAG1	Rpn4p	Doc
YER142C	MAG1	Pdr3p	Doc
YER142C	MAG1	Hsf1p	Doc
YER142C	MAG1	Hst1p	Doc
YER142C	MAG1	Mga2p	Doc
YER142C	MAG1	Rlf2p	Doc
YER142C	MAG1	Rph1p	Doc
YER142C	MAG1	Sin3p	Doc
YER142C	MAG1	Sum1p	Doc
YER142C	MAG1	Swi6p	Doc
YER142C	MAG1	Ume6p	Doc
YER142C	MAG1	Cha4p	Doc
YER142C	MAG1	Hfi1p	Doc
YER142C	MAG1	Snf5p	Doc
YER142C	MAG1	Snf6p	Doc
YER142C	MAG1	Spt20p	Doc
YER142C	MAG1	Swi3p	Doc
YER142C	MAG1	Isw2p	Doc
YER142C	MAG1	Taf14p	Doc
YER142C	MAG1	Bas1p	Doc
YER142C	MAG1	Gcn4p	Doc
YER142C	MAG1	Ash1p	Doc
YER142C	MAG1	Ace2p	Doc
YER142C	MAG1	Rox1p	Doc
YER142C	MAG1	Rap1p	Doc
YER142C	MAG1	Ste12p	Doc
YNL015W	PBI2	Stp2p	Doc
YNL015W	PBI2	Arr1p	Doc
YNL015W	PBI2	Hac1p	Doc
YNL015W	PBI2	Hap4p	Doc
YNL015W	PBI2	Sok2p	Doc
YNL015W	PBI2	Msn2p	Doc
YNL015W	PBI2	Rpn4p	Doc
YNL015W	PBI2	Mga2p	Doc
YNL015W	PBI2	Pho2p	Doc
YNL015W	PBI2	Rsc2p	Doc
YNL015W	PBI2	Spt10p	Doc
YNL015W	PBI2	Cst6p	Doc
YNL015W	PBI2	Snf6p	Doc
YNL015W	PBI2	Spt20p	Doc
YNL015W	PBI2	Spt3p	Doc
YNL015W	PBI2	Bas1p	Doc
YNL015W	PBI2	Ixr1p	Doc
YNL015W	PBI2	Cac2p	Doc
YNL015W	PBI2	Fkh1p	Doc
YNL015W	PBI2	Gcn4p	Doc
YNL015W	PBI2	Ace2p	Doc
YNL015W	PBI2	Swi5p	Doc
YNL015W	PBI2	Msn4p	Doc
YNL015W	PBI2	Cup2p	Doc
YNL015W	PBI2	Rsc30p	Doc
YNL015W	PBI2	Sfp1p	Doc
YNL015W	PBI2	Cin5p	Doc
YNL015W	PBI2	Zap1p	Doc
YHR087W	RTC3	Ino2p	Doc
YHR087W	RTC3	Ino4p	Doc
YHR087W	RTC3	Msn2p	Doc
YHR087W	RTC3	Msn4p	Doc
YHR087W	RTC3	Pdr1p	Doc
YHR087W	RTC3	Rgt1p	Doc
YHR087W	RTC3	Hot1p	Doc
YHR087W	RTC3	Hsf1p	Doc
YHR087W	RTC3	Yap1p	Doc
YHR087W	RTC3	Mcm1p	Doc
YHR087W	RTC3	Abf1p	Doc
YHR087W	RTC3	Cst6p	Doc
YHR087W	RTC3	Gat4p	Doc
YHR087W	RTC3	Gis1p	Doc
YHR087W	RTC3	Gzf3p	Doc
YHR087W	RTC3	Hap4p	Doc
YHR087W	RTC3	Met31p	Doc
YHR087W	RTC3	Mga1p	Doc
YHR087W	RTC3	Mig1p	Doc
YHR087W	RTC3	Pho4p	Doc
YHR087W	RTC3	Sok2p	Doc
YHR087W	RTC3	Sut1p	Doc
YHR087W	RTC3	Swi4p	Doc
YHR087W	RTC3	Yhp1p	Doc
YHR087W	RTC3	Yox1p	Doc
YHR087W	RTC3	Met4p	Doc
YHR087W	RTC3	Stb5p	Doc
YHR087W	RTC3	Sfp1p	Doc
YHR087W	RTC3	Oaf3p	Doc
YHR087W	RTC3	Oaf1p	Doc
YHR087W	RTC3	Pdr3p	Doc
YHR087W	RTC3	Fkh1p	Doc
YHR087W	RTC3	Rpn4p	Doc
YHR087W	RTC3	Tec1p	Doc
YHR087W	RTC3	Xbp1p	Doc
YHR087W	RTC3	Haa1p	Doc
YHR087W	RTC3	Mga2p	Doc
YHR087W	RTC3	Ric1p	Doc
YHR087W	RTC3	Rif2p	Doc
YHR087W	RTC3	Rsc1p	Doc
YHR087W	RTC3	Spt10p	Doc
YHR087W	RTC3	Wtm1p	Doc
YHR087W	RTC3	Tup1p	Doc
YHR087W	RTC3	YER130C	Doc
YHR087W	RTC3	Esc2p	Doc
YHR087W	RTC3	Bas1p	Doc
YHR087W	RTC3	Gcn4p	Doc
YHR087W	RTC3	Pho2p	Doc
YHR087W	RTC3	Rlm1p	Doc
YHR087W	RTC3	Cac2p	Doc
YHR087W	RTC3	Bdf2p	Doc
YHR087W	RTC3	Swi5p	Doc
YHR087W	RTC3	Ace2p	Doc
YHR087W	RTC3	Ash1p	Doc
YHR087W	RTC3	Stp2p	Doc
YHR087W	RTC3	Ste12p	Doc
YHR087W	RTC3	Arr1p	Doc
YHR087W	RTC3	Kar4p	Doc
YHR087W	RTC3	Fhl1p	Doc
YHR087W	RTC3	Zap1p	Doc
YNL242W	ATG2	Sfp1p	Doc
YNL242W	ATG2	Sin3p	Doc
YNL242W	ATG2	Cst6p	Doc
YNL242W	ATG2	Sok2p	Doc
YNL242W	ATG2	Rlm1p	Doc
YNL242W	ATG2	Ace2p	Doc
YNL242W	ATG2	Cin5p	Doc
YNL242W	ATG2	Tec1p	Doc
YNL002C	RLP7	Sfp1p	Doc
YNL002C	RLP7	Msn2p	Doc
YNL002C	RLP7	Msn4p	Doc
YNL002C	RLP7	Yox1p	Doc
YNL002C	RLP7	Oaf1p	Doc
YNL002C	RLP7	Tup1p	Doc
YNL002C	RLP7	Caf4p	Doc
YNL002C	RLP7	Gcr2p	Doc
YNL002C	RLP7	Hda1p	Doc
YNL002C	RLP7	Sin3p	Doc
YNL002C	RLP7	Spt10p	Doc
YNL002C	RLP7	Asg1p	Doc
YNL002C	RLP7	Fkh1p	Doc
YNL002C	RLP7	Swi5p	Doc
YNL002C	RLP7	Ace2p	Doc
YNL002C	RLP7	Ash1p	Doc
YNL002C	RLP7	Pho4p	Doc
YNL002C	RLP7	Abf1p	Doc
YNL002C	RLP7	Rlm1p	Doc
YNL002C	RLP7	Yhp1p	Doc
YDR516C	EMI2	Sok2p	Doc
YDR516C	EMI2	Msn2p	Doc
YDR516C	EMI2	Msn4p	Doc
YDR516C	EMI2	Hap4p	Doc
YDR516C	EMI2	Hsf1p	Doc
YDR516C	EMI2	Pdr1p	Doc
YDR516C	EMI2	Stb5p	Doc
YDR516C	EMI2	Fhl1p	Doc
YDR516C	EMI2	Pdr3p	Doc
YDR516C	EMI2	Aft1p	Doc
YDR516C	EMI2	Gcr2p	Doc
YDR516C	EMI2	Gcn4p	Doc
YDR516C	EMI2	Stp1p	Doc
YDR516C	EMI2	Tec1p	Doc
YDR516C	EMI2	Tup1p	Doc
YDR516C	EMI2	Bas1p	Doc
YDR516C	EMI2	Bdf2p	Doc
YDR516C	EMI2	Met4p	Doc
YDR516C	EMI2	Opi1p	Doc
YDR516C	EMI2	Fkh1p	Doc
YDR516C	EMI2	Swi5p	Doc
YDR516C	EMI2	Ace2p	Doc
YDR516C	EMI2	Ash1p	Doc
YDR516C	EMI2	Xbp1p	Doc
YDR516C	EMI2	Met28p	Doc
YDR516C	EMI2	Sfp1p	Doc
YDR516C	EMI2	Yox1p	Doc
YDR516C	EMI2	Yhp1p	Doc
YDR516C	EMI2	Ifh1p	Doc
YDR516C	EMI2	Mig2p	Doc
YDR516C	EMI2	Mig1p	Doc
YDR516C	EMI2	Zap1p	Doc
YCL040W	GLK1	Gcr1p	Doc
YCL040W	GLK1	Msn2p	Doc
YCL040W	GLK1	Msn4p	Doc
YCL040W	GLK1	Stp1p	Doc
YCL040W	GLK1	War1p	Doc
YCL040W	GLK1	Gcn4p	Doc
YCL040W	GLK1	Gcr2p	Doc
YCL040W	GLK1	Rpn4p	Doc
YCL040W	GLK1	Aft1p	Doc
YCL040W	GLK1	Pdr3p	Doc
YCL040W	GLK1	Rap1p	Doc
YCL040W	GLK1	Hap4p	Doc
YCL040W	GLK1	Pdr1p	Doc
YCL040W	GLK1	Sfp1p	Doc
YCL040W	GLK1	Yap1p	Doc
YCL040W	GLK1	Arg80p	Doc
YCL040W	GLK1	Cbf1p	Doc
YCL040W	GLK1	Cse2p	Doc
YCL040W	GLK1	Cup2p	Doc
YCL040W	GLK1	Haa1p	Doc
YCL040W	GLK1	Ixr1p	Doc
YCL040W	GLK1	Mbf1p	Doc
YCL040W	GLK1	Mga2p	Doc
YCL040W	GLK1	Rds1p	Doc
YCL040W	GLK1	Rgm1p	Doc
YCL040W	GLK1	Ric1p	Doc
YCL040W	GLK1	Rpi1p	Doc
YCL040W	GLK1	Sin3p	Doc
YCL040W	GLK1	Spt10p	Doc
YCL040W	GLK1	Spt2p	Doc
YCL040W	GLK1	Srb8p	Doc
YCL040W	GLK1	Ssn2p	Doc
YCL040W	GLK1	Stp4p	Doc
YCL040W	GLK1	Wtm2p	Doc
YCL040W	GLK1	Hel2p	Doc
YCL040W	GLK1	Yhp1p	Doc
YCL040W	GLK1	YLR278C	Doc
YCL040W	GLK1	YPR022C	Doc
YCL040W	GLK1	YPR196W	Doc
YCL040W	GLK1	Cst6p	Doc
YCL040W	GLK1	Flo8p	Doc
YCL040W	GLK1	Gat3p	Doc
YCL040W	GLK1	Mac1p	Doc
YCL040W	GLK1	Snf5p	Doc
YCL040W	GLK1	Swi3p	Doc
YCL040W	GLK1	Swi4p	Doc
YCL040W	GLK1	Tup1p	Doc
YCL040W	GLK1	YER130C	Doc
YCL040W	GLK1	YER184C	Doc
YCL040W	GLK1	Hsf1p	Doc
YCL040W	GLK1	Mcm1p	Doc
YCL040W	GLK1	Aft2p	Doc
YCL040W	GLK1	Not3p	Doc
YCL040W	GLK1	YGR067C	Doc
YCL040W	GLK1	Rco1p	Doc
YCL040W	GLK1	Gts1p	Doc
YCL040W	GLK1	Sin4p	Doc
YCL040W	GLK1	Snf6p	Doc
YCL040W	GLK1	Spt20p	Doc
YCL040W	GLK1	Spt3p	Doc
YCL040W	GLK1	Tye7p	Doc
YCL040W	GLK1	Abf1p	Doc
YCL040W	GLK1	Bas1p	Doc
YCL040W	GLK1	Pho2p	Doc
YCL040W	GLK1	Met4p	Doc
YCL040W	GLK1	Opi1p	Doc
YCL040W	GLK1	Fkh1p	Doc
YCL040W	GLK1	Mss11p	Doc
YCL040W	GLK1	Swi5p	Doc
YCL040W	GLK1	Ash1p	Doc
YCL040W	GLK1	Arr1p	Doc
YCL040W	GLK1	Rlm1p	Doc
YCL040W	GLK1	Yox1p	Doc
YCL040W	GLK1	Zap1p	Doc
